tamanio_cadena1,tamanio_cadena2,cadena1,cadena2
32,32,tmqqurtbznuzdvwnymvepvtfskcylpas,tzcmhncseqmozskhwbptktlouwamoosm
32,32,rvvnmgwkropofvcgoromwvtwqiujoegj,xexizsykopcfwnogzhjixjrkxfkqzymk
32,32,yahlbqoqscxzdarraqsupcxqawfgnzvc,jidmqwmrrpgixtgqgxvwktvgpagoofli
64,64,bqggsozdhmqbuudiimjajkeaeamezbhjefviksixkrtergdtbatznrhrqcjvhxwg,wfvjjssfougmzswlbdhfrapkrjpdvuypqzwdskvszcbbzengdhqfbhpnbzfrlkmi
64,64,zqvqjfwqdrsdiuamdacvwbmrbnpasyvajllohlnbwsagrksiavgzhzsinjklydlc,nxfkmktuxynmnlhtlpbnejkhzeuwqucuynwtegpmdzkjfkohbsiqrfqfmhpmgjnn
64,64,ueehegzgsqydnjrbtzdctvxxoawskedfmznkxdjaintxqllctqpszgjthjwmvkun,trdrnbweznqucnjvgvqiswtyogeqjekpvcfubwvcvwzgqvaeeaipelvlzguxittb
128,128,pvxgdfxpxrcnvteobhfmrulptkrrbuopppmvizpbttrfehrafitwmbgldiftiqsurgckejyetwutpnonoiwsgfdztuuammhxxwmdybroeuqheenehbxorsrsbatvwsrl,yiglekfwupacitktofifqeqztbwczwhafmjjtotsrjkohrgfqulcxtuziobkmxxmagcmhihwnzszaknjmofkknsajyzxtxqlqgerivvpacjcnjrhboeqiaeksiiwufgo
128,128,scofftiuokpelwskzpjoriliongpykacpmmlpdkhaipryambiguujltwnlxpgnykipzrsddyhbzaumdpqsdcchxmksybswrklrfetduiymubjvcpaypljbzbvwxebxbf,czzrsmadqzjdyocmnisuhffantlcugdyqdjpwlreekwnndasrbnhcxluikbzzfnqwguhysnqplgnxfczwkogktotlkumzgugayqlxbxrxudyuhsrhfevzrpjqunpevcl
128,128,jwuhtaqiucubaqwmdmilygsqiybbvgcanhoavhorjrwhaoijbvghvywoinmbsqkqcgjagdsddktdilbnjosvzvwrapmvkdwocjupyzbfdwpxeumdqbzakenxxhfctgwa,zuascwytyaugpydubdjkcczpnoldpxpexmlovzgzbdyacgtlocfairksknqrbhjfkbexrcsxbhkjibtamgjfmbxzyficzfxaoiutjjrtibzmkqicqhtgsilwkftzcqbr
256,256,vaqtykwkpxeamxugvvpovcfckttthoxmdmzqpzkosdpjzqmslaznsezqhzrveofvjsaqtycrlznpuqnpstwvytbmujiuqdmqdxayizqsezzagxscwzzpfumimgowphqujrhuiuzindhkkcgforyuhxslcqqkgkzygyncmwplxtbyeegrsxmvsvyhvjwxyvicadzdzfkhkapyxgkbhdldeybapqsjiayxmzhvibgtyerldjnzvhxphlenavcxknlb,ouigxpmeuelvlsgwekscsfyhihfqohttbrjtbiltjjwoyxxhbigxwyfhfpqxispnjhccnvahazrgaooptrhrdacklcpsiynyomznovbhyyjjqnprmwyajhoqlmbrebmkkxmddfgrxqfbhhsyjeofwqjdzpkplcnhqtlqjykxbapyvfeadhskzelmfkalsvxttnsbpcyfedabexceasxtiwbusdfsxsmaasxmbojidrpixfmuhizjncfbnmfxsxzs
256,256,cspdnzscuvrnqwulriarqtzcimmolshtfhkurzkyrehdtfpyeoxiijqvdydtheabaxhfqdopodimjqlzjjxpfrytstwlcvxogaaslysemnenrzdsxlbijxygefwzlafpvolpgqetkxtqoenwuruexkiluxbjsqcezqxigchimxnudltafvbkpgmkdrutcrpoeuslorrrxjrzfkanuzjwnpexlgasmczspdrwujstgmfrcqimeizrjpyuykrqases,wenksnmawqtrmegzppxvumxzqdehnjvpharmtiahuwijchwhwoplttjjopvoauvlkrlbjmsfyzdcqvukptfcceckgjctoldbvtzyhvucwothlorjkrqhqtwkamsvbowwcmllglhfwfoowbccivyexwtbzwhchvvoczpvscdppwsvvwpqjcotgvsfmxweibfqqqakxypfgkmldxcutxpdamkesiufkahbtimkubvaayszmzbakjwuyauxmdkwxtka
256,256,fswlxrnhaslgpuqfgvzbvaiqavjojacblyoblgflfhzuhgpfandbvmhnondhnpstkoyaxgeoaiopkmtgcuagaqptswoibulbkacgjyzhzzjshcmhwnmkjsbjbmtlzssnnmlptoqibwmoxsxwtrrwxdinwhdlapdtbdlcbvpxfsamfhqhyffhpzhpqhiikzksjoeaeypbpsuqgfvadufrrcontcrlfzlavrjannyzrqftrldhqbozxifhqetijsnq,irzkdkaeqakiredccmcxbideccwjyzwpfqxxvwirksvrcqfrkdhqlsxxadzxpuwzupwsghqxbhjtzbepxeghaerusdlwnvkdvbyaktyurfijtkskceseiumfseuaoxnmwmiewnsortpzdfxwcefvnircaxthppwjkyfdrluhlttdbuvqcwypkzrfamtvpgpiyygmhdkvkdoxoocqmkabfbqmvodewxmgdtifrmlcrxaurkuaqdwdwyhfglessshz
512,512,adklaigpmgdmfitajmujzbgkypmflqwnlkhqxkepmzobtiprfldqksrexszdlblgqkonjctacaadcqjjanouatvebyjsklzzlgsprtkrtemerjpebicqaorlyvvapdeexgctcniujwmcqtmllmdfrhbpokcfowqrqefcwjjjfobkjvutbjcvymldabuyqpbcnsyekttlaanmvdvzqodejxdjbhwvisrhhrorzuiobtafccikbhubsleotysegdcituxvdluegafcgeojxtgiwrxcgiyxigyznxhwybseapfbnfqmulafiwpvbbfndrhfszozswvjfpbkrejqyapwldhbdtqigzfuwphutynkoddgfxiihgfifsrljjkqjurxrblwaokxpyaisuutgpobelpcphapicqflcmmuzzhznhaqvtyfebptdktnigwuvsrlwhaqhfagrruavjegqgewycuwmgepwlloexetvodgaevtyihgvfpjiwvegwdrrue,sgjifoncytelqhfmbucuscvuvszamebckgphiubckdelljjstbadzsaglnotmcisbihfvwdrifxgipaoarkwbblymiohzepqlhiatdiqttojgsyatekxuwmjixycezypeefcyxjswvjhuyevooaupvcgmjxhgxlwdfejpjowosqqwwlbvtcewsjliuanudgazknegpxmjkzrzarerxdqqxblxtxccfezgaudwqptedxtxawybhsnoxksszaiaykcxtnjipmoagnasbdpiypazthjudbxqpknwltalujvuzlqfdhqrmgccprghbhfqhbllbwnebdjvljpstozcnhfiprepnohcmrrqqdewsviooyzburlmkpymtohsezrlbktmryckhqscnpredkupuncjlgzutboyiuzuhwxufsmqnamnxmpezezuwggpdakannpcmmahsmpzwqvnrgexapdyegbkqyjieiebddpandaqjhuuhacfmzeclwolwclxuog
512,512,svtwmaqexevqckxhqilvvmdfjxqiuajnlalofrzkffhqkboypgwjiiqiazvzyxukzfrskynxcrmhueppcaebaokcowcbagkibgwsjhohukfnuuhktrqhkblcytmamavakmnkganaljpozxqwmfufahcvpujrzlwspvzhpchxidhpidajtkdvfxnmimtoffxygtivrvratziqvdhnrplfcfmrmtshapswxrgypgqviyfbzafmrfpxoctsdqlitzpadqpylzxmydvyabncqfyrennruvfsfrgfgdmgmmokbblmgnfoviijtikxsgaxwxloitbbuhtguvintelkanuonlhljlhtkqvxsiunntvwoqjoaisnprvatturouqoaaijuzcdqdjxsusyszjsigtycgavheckltydiclwkhxgepfmuzvvdxmgggvssotocxrowwdswxbvyyqvyvhhkvuytnhminxmufvgawyqwvlrhxlztqqharchbjjhaeuohvfz,nimpunhchehtcrdxxgosucufxyrjaxbproemiuewkqgxlmvlsmdnntvvphmfvnnhiipsabpebfsfxhewvugfqulignkotabhkaerfgewjgsiwmzkjrrmadyorpgfhizfyxyvimbkqfjouvymkuxbxoqijmihgdpgwotkljkbflgydiehmrczvjftbibhykauyacdfldnycnhcaljfqxzmrarqqzobdgqfmpdqgpmjvcouikzqeecmsubtggazarryenwlgjjzohjbfqydvlynrvkczurswwmvilbwtrvywqqjjkaaprfssiuwevsrkaohowmbooetqcljpvgccsdntagskjfphfjgzybnwbjvlmppccldqnnrgnajihuschjloqszqsokcuglfkyipdtgzfjutghvqhxlgveggbjdjsgqzovighjzjvqqrawugcevnimuxhedfmbedeqzekixnlczztobnxtzfguhigekepaxzcsogbcugcvcrbxvvin
512,512,yjfyfhqrebwilqmttsqegdpzthprnxzajhzyzyiwscnyppluozdtymrvgiabsigsbpczpkwxbeaetonnbgfrpukfikjzxxuztngtzapewzzosnlioljdtebbemezeqnzhdqcxuetkohljklkiluzzgxdwsgulhctfemdzfhngprwwqmlpesfufuqbxugvwgnbmqjfzafxeubdsrcdhrwqdqrvysngifsotaqbmcakdwywokpogqzqglwsomvntuoqenprvpzkmbxnqxxjzzrswnquirkabxsvfrupuswqhpjxleptjogbxbinvypuvlzacbjoipvjmmesnlmigrdsyjgrtmsqfmmjevcnjqyypxwqqonqhpqgrofnfnheuxzpwjdvvuiazgljzssyxccleyqddyqvahhtdopxgmvtlfjilvqrpiwkklchzmhklnuywababwpfsmxrddjferbptpaudcwuvnutpjdxngeralujbmjfhnkprwkonfhrabp,jywlibrqjjitottdxswvgyrkhxihtcdfvqpzblscqpodquedvgocccconefjpbbtluhcexhonpxedntbyccqmcpwzswlelkdizqbyovemajuqnjjcshxuuqrmepjmmutxzawncvwucuivdfdzksdhewwgwhnapycwbdzcunroofrvlfnoaizlwlfirdwhdkujsbgidmmgnowoqbxjbrppgydefzhtaycaijokedxshdwncpbtdiocbwvklkbnnncgyzecpjhhqiyawswyzuqleqccwkqitceyjsklfsarmqkhmlsyhitojrptwgclhgqsifbmjxvsmfdwqpdxgbhgtrrsreraxeaphieudnkqendzrnegzvoqdcbaoyeadcrshzzplvrppvrrlwowebbeecnsomiitzlrjdfwzenrmoahaavghretwhwnfpnazynpcnazhqijjxtferalmzxdeeibxntsyoiataedvffhxirdzrmqplmgvgaliltusmu
1024,1024,cscspzakkbrfguvnuhcijsltbfenxydlmnrhncumrhufgszzgwnrvcrlmqwvvohlthkhxnjilxnohvoydtpkqupiufctfeiwxorsesgnzihgccujqirfuqadgzuuabgdvojnswtaovdmkpzrvnhfaqqwrlvxgfktkcqkyiadkfbwlkaguwwdhdajlzcjatgxiavtcctipsluvekjeohwimywkatmqydzflmtcspvgzdmohjysstkfwoofpqidfdrigiktfzpmcosgzdhdnwpinbfyznhqrqhifheldvrojkvljysxphtqcnsmjinbbyomxtlttnlxwceaahmziwlencnqdzpamtvuiyhbmeblpvkniwezldzulvtoaywvkradtxmubqvjafivlgwltvsfdmbepleldrqxncjnhanzqnmjullxpetjrlyojxplltxcgmvvlsytslviavjqdtbqrtnvuzglclmyerixjbipqixiwtrdwjyfufsjrgebyvtebfyykpjhxrwnhtinebvhkxcgxvlyicktczussylogjjdecsbgspikxmygagoxhpakzxtqaveoelouauynozlmyoxzzrhgmdyctmdkjlagnsanjjtjuejpdjsciunrdctjijumtyllgnvpeeilxazkbwotsjaqrglbyubtwvhjeghxugjonyvgueraatybocwmihfbkrzhcjpjpioimwbpcnrlqkiqelqofakdsmwpywxrrjpznqrtviwpdqkuiyeoidgnrcurixbyadgzhwabweeprcfctgzjdqitmegssiuziqoqfblrphyonrruzwvujcqgquadgqfnihjwmilgwsgkowhoekptjzmrbsmiftfnsnrksqslmhhaajniydlyakkyjijwxkqcdqahrqcomqymvujqrrxwomcguazvfmghyxjkxcynsbwstmdywwwhyhdmkcjvpvsyeuohjiaqdjmstezixwhuqzopbruiumxewjsgnhfplrdejuuuev,cjinsnloyfqjkfulpijtmaybtlmvcrhofidbpcgmklbwlgbjppwkqdtjzqqchtaeuajnjsfuowdmmshjtjxpuvogyhkhhiwqxartuyupmgthgrvqfmvkwdmiyyategbxxhyqginwdipywggiggjbjjpvkgjoxiofffzzgsscbtwzvjiyvqnurvyhjvwzwykftzfwbgninyzeyufxenzdppgbtexzabwcajdvdwvzavoofwtpnrsbgqryzxjmtusqzdczqtspgocppwxhsosbamvbnsvpmbspssatrpcqypwwfxpqvvtwbtkfowhmpimsugnrwuztyzuejmahfkimqynmflqdzorfbljhjrcmxzirqdzeorpsjdimsfzrhjgttfiyjhrsmjnwbprktwrgielfypqajtwfoazmsmehvtravppfwrenvmizybnbwcrnhuqbubaqfdwjkrqmwqirunzshucsvgzbgiienfiekdkhespsnqgjshemjqldbsjdgeulmtsxtxmrsbperhtxsfgqzcvdgyezdsnoqihzfxfhqzgtocrkpobutdcnzejmewydiaurgejyzewrrseosnniwkmiejwakndoetfrzzlytpislyeuqgkpjubyhpsceyjffrchgihfinzmhdvumgmbpenrosdsxzmpzauuibzcfjvwrizitbchhlryjjjvhjfbfitqjhbzapupmqvsaaeetyrreoxjmbzqzcrvhsznwlddbqrivtvpeeejhsknwmdveqmhlhlyccrumejloviprqrigiyjjeurfydklzkzfsolgbvsbpmdqahexdwvjftqbljiadxwccffdrfhkegttuegfygxbdcmqumntnxdtkdrssxxrconijomytpvfghsbexwplwnwajhloszugzkfttwdrnhtvpgymvppkpjynkbvipknbnovxfootfxylqgyjvatfuznknozmuvqqhjltsscqkrzxzmzzkejdaodwjaxnywklgcbmfctnhz
1024,1024,rosjnxjhhpglyvysdslmzbicyxcfrnaripgooeieqxqxwgedkspmsjgmupfbnmjzylvfqumnqghgvurtwwyyuqrdhutatysfhlzvtuhlbefuvdsihqxrklxboktpijxfxtwvymnhnoyycreaffemnankccksyheahyoyfuulzspvsxwjvspvgfobbxtvjoaweknvqhwtvdnwtxapjdluxacltrbprjwkzrmoshdidwdthcmwvxlgciqbbsizufkwuocwpnsxgnmpyvowajjboihunwwutlsissnzumwtrdqtyhaxezmfnopggyqgmidhtuilczspingywctmuxytsprcyucpsfkvawyvpzdlddonxhndpbowfjdwlawtvsnirhlkgfhuvposaqfiftkkarwiclmfajsicsibcliidxtiyqwxqzxjwpepcgpqxhvglrssgzhwhpxslnwpxyoeibarxgatgsonibjrhqplfsrmretnfutgkkompffbnsgrtzrakucupisliyvedjmdvlhvdwwqkynntyqugnoekadtqaybilskzyalugnxetiskjfvtrfrnihpoberxldejtynxsshzewnexvybisazmlbrsvpflottiquyxixpxrxletnnaaywjfiagtyzeudbxmlezityjenagyifhepgibrfberumzfdzrloqwswcgbrpdmfdbkagfsaknbauucppwufowoqwyizxmixkuvmedsxlibzfnwlcfkfvzpshnyyatbogqnraelfstbkumaxiorcpqhdeowqutuutxvyofgbmqbixmkxrowyvjuwrphhzgtvketrmhzptleoptvuyvpweeipgxnhdhsrfhgjevwybanwciygmdjafhmwodsjyvvnzznqgdbxdpvrzyncgykungwxxxttvlqlfsohpjwbqxwimdklxrxtjiqgmouposrqrybsuctqueutqvtslauteodlthyxmggnyzfqrikvwztbhteizvaccwsqrkq,iizgdgnlkrbsevgbmdpaovabthvdgmcatulpuzhxpwppwpclozsjxzpleuxnqaxupxvxwgxfvdqxqywxqsxfsouabvixsutokexbqjgxeugqszwejgfnqgdcssnsduyrbenithqyisjxwwmiissvkdmykhhxshpzabpyvwmoxcdgjwfzdeholcosrceevyrufgdrylbagwhwcndqudeygxbrufcalyullzokgtwzyyqczjynxmlddmpnigzrctbdjxpnlhguozuwbqztgsjjwbpkpovoauivqgnwrrxqvxsktidtfeaaupanulkdvomtezcyxvsfftblfmwdeabinwluwbmdegsoroluisjgwokbujpkajrwclutwwoqepfkavywectbmosucnhqikhxnggljvybogvoapneiujggmwmyyjxaphsnwhqpbfjovaduazwfsndgeyghvlmceovmdqbqacsdfloubxgbzreesjptmoxyitcfxeaogwfabjupvvdwvnycdnhcmbwufetigrzlndyzzfbzzdkbnfhbmfxatalovsfemuithqrstjnbhzbuwldpprjtqatjprrhcuxygeicckmrimekmrkbiotogstagmlwomcqtsggenxuhzpnkkunoemgauplzdotnmuzwqzbhorykpcpfbevqcpbkfglyolmbnfmbnsatezqkochdfocmnlhvtdwxuiqcaftsupetuwbcogbnmriuhmyyepanveiqdycpwsdglsddybccizwrtmhmxcrihyscveapmufuzjtmwcjxnnaqnbgzilghitefiqeiqcqoejevhhwteptjpamtiqfknxuzuqwkczwlvhzxscfdmtqnozmixbfbfbjpvrsxonvkqjyfvamusvlzrtxxhdjbvsskmhbubcsycbbtbmnhbbrvrgynzdgvsrttmikwcqrfffdlwdjdtpsabokjlswkjnxmyrazdlwdnssmfssknxmaddehzekottuftsdxtsfcpk
1024,1024,hvaxdzifevzkfsmztcmcbcudwuqswnohnvrubulqntmhyebbbxzunfsjnrjwmlsvwqunjbltkssbpwciuunjmhtoikqxgyufffqhempourosnpmunbywsvloeupxpfyctkvrpcymyimyfzavjjzjlpjbsivkudtzanmirzafeveujczfifukzgmymrjjmlshlylrvwggiecvdulwtaxtskfzewbgulwqnxjjtlaoxcffhzdqtnqhvihhsdowcxtoknodbhzlzzayjeewluzqcjujmhisgylejbeekitgcaxbyccfwichxbivpgrlxthvqwbkqcwtqcbxvwdazdklltddndyaqlqtiyshtgncehzxqfxqmqwxgmmuulsuqqlbzpeqyfjzxjzaavwczdixiuqnqgbausomrnfxbnrayytekpluibmzdtotmnnyyrorciopogzveshqypzgfeiiiwezdunyvtbbwyoteqvsmfbucaxojjjdvwokzwbdfwjofckfhcgujehbaotgikzrzwldupnfliiclkixlnszhnhavowgogwjdwqxakfevelttztlkodapgpvnvseawsrcauktytkuqkldpsonvitxezottfxxiudczvmrxcfcgyiwfdugzpzgwoinnscyfqseywxsxbzchdieaiixsyabinupaiijexblepbzgsybfsorbotewloncqjzrinpwkmurxvbygllrcdhbmncngysjyynrvqwlqabilgfekarkbhpldgwyzmwgyuulhdzhyjdqhasevcrygizlnmadzytdvsjgqpdwpbhcjslussqedebdptxqnbideehmnanoxoikztepgcxwfrmoodwwitthxikiqidybcanzqzlqgdvapckyqombtqagifuzbghdjqsordolivvhbgijmndekjctmrnkimpmrbqhlmhpdsjkumbmdgykhyeeoqchjydfpoiuqfuwojscwozfcpodejtpyswjkrgnkcgkcmsbpbpas,hqppfvkfiilcsqxlsojthoapfandbnbfixnmoetoznlktdrxemmbehwhwwhnxuxepsmhrzzcxmdnpjxedlgtqtyjeobwzimivfsjsblrlugmucizbxqonvmcyjrsiigyxzpigxhkqllyysfyrmdlpilqbdllpjhywkrctlvyofxvuegddumsqgwwlgxnlfhodkniludjomuvzxrncajmmqoxwswwlqmsfuumrwrlbbggmkmwpekgpsobrlqyqtajviljytlrmlkmoowowtgoaglfmjdgnqiqwvqjhiioyetqukrextecokyfwmvzhbjvcqvkuollhjglwroelxwbhzvgcuagxyvqqzoykaogcipvclkfzkqgfnhcrqiavxnbbufqifzfqkisbnnuvlmvlgtxkudtahspduqjmkuxgwzbxbbipdvklptdxirftpwxicxwqmcnruhfbudavnbuvliqllsoxethdbmmzqzqhqvuxfbxriilrvgrfgezjhukvllfggzonuomvhpxixslkgzwfyvasrurimuthnszdofgscxmdouuxacjjftnsrfnlxzosbmyxxzbchphyddrreflfdfqixjxdlitdsfhtmjbqrzumsacjpoufksfjphbyfsbkdhegjkhanjyicvsleszxasdexkwrwzuymywpnmoyhrhwloqhldgffmvztnqeqefdvsoqyndvnoflhalibgtssdzfumxwlzxeutzqlbhnpcsnwkvfkbplklhzxvrbpboybhdelxdcpgejgejuhkfaamqvoairxhhidjpphsfvsorqxwxqfaefxwrsngygbklsggacwxavoibgdazhvpiryeuxaonamsbyjkqvciiubivuknwzdhozgvhwbukqsjxgkixynonlxzqurnpkqyidycoosxsopurmodkpoxcwaahmhizjrkbbkfpbridwtpulwlkxvpnjxcvlrsrgstdfqbxeijtqoobibyowebqsfvlzcuvmlkuefbkoxqr
2048,2048,lfrgykcehixyfhucsajbloaxmsahgnqxxjuajerjlkplotdyxpkiaylkhyposrwqevadsrbcrycgtwgvsvgezuqpmzphvdufaeiidtcbnzgtygepegjozalinrvmtrnmejaxrihydxojifhzxypgbvzcrposrztjbhlxpobfxqtfrujblvaincstllyvrhcwtyvrnqpjmpqmkaxsplzlbtvzjeyrzprugavmcmbaihhdtmcrxhzsuhmjhrchptztlakaslgbwzqvqxouhmzxjlmgeddgpsuzyztzyljckxgpjwuthmydmqryrlzppioddtldybsmcbtfbbxtepbtsnjtdmztqkntylfksxyumioxqzgwmuigifimglqlkquyetqibjcuimsnjywuakwzdrpjxzcqvmheysireqksesygsnqsxxmyzbbeyfibnxlyngdtrxqzuultpmzmuplvhjzgatdsesrnddpkzjzkpaiteyijtkgoivkzdpiliozgeuojcgpovswqihpgyzoncfxnxgdsljrcdlgsvvrlkfxzcadvgwyzspzmdhrhocnzfgzephzohkisircslocxspsnsaebhvylndtfxpbfvtkexxfghgbwunpamnidhjuylrlalbdiafuispquldvranldgjatevjyuqlmkblmhtwiayhjtewpxfuiwnzulvmshpehezbnclyjiwlssdtxnesjnuhadzvxqrqtredeceekwwdhxcwdcpapkxukrwlrscnafvzszwrfwfstugtvfnygbesroenxrjgphqnzowpmonagmdvvsyfmpfagzaohzjxtdmdbxsbpgbdolkiipknjtkqonwfncnjdfaeqmjqznfryaucgflatkckmklhwcrliqlhtapqmegfwlnflpgdikvugxvlzdivwjzfrvbvcotleqxdoytekxckhaoqahlliqbyuzpfcvmtqyeckmxdmgwyqzxxlakpemllgaevkdscssmzsqwcbxoyzecjjwjtjpuezcuglwgosysmaqheshotnvqngayoirewovdzjqlizdclhvsqnrehwgmvagvulpfrjmlhzzzzgnpfclmoqgdtfcgzphysxxzdqclcnajfywdscnqmbqgzpxmxvjqnyoxzuwazqthjckjwdnmyvjbdpgjygcxdzloipievfuyilotsvvyuucrscboztgertfylfwdchgvpqrwvkbldkcitbullgpovjxxuzkbzrohtntcqcdzycwmbznglcfodyjkyysxsyhiyrnupudtpukaiamyxguanbmtxdcziepquxyzzfoirubekpvorawxfpjrkwqkouhikoobbaamorhrdsafsothzlghglhisaocehztgkajjpglaiancnrgwetlvksopbltbuyxglrrpuqflxtckphdaopxevkseujhavpvaqwzgbxcaqwvsttupgafuychrssdoyqthqbvozilmfcrhomuknmdpxrhjojoeouxpsethczqbviyubgckqanddjhnuccqcjyzwxbyzsnyposyeobcwmukztqwqgqgzagsvunxgfluzhpqslbsblyejhmbjytmctmbjzdugekhhvtrbfmumvihafxaeatobihjqilnqpccumcvurvlsqmqmbyritbtkgsvynamuajkidcjdhcxiycwcvszyporcppfeukntmbitzwaiikdzywsvuioeziwaevharvzzipldnkahpdadzapwewgnvofmfrwlddfixyppfppwwdvhjtxyuovrtfwksoxraaqjreickcfamacaoxrwcgiezmaoynvlmwnoyatmrzixlrogurulqkxfosusvsnmdeoejmcezkfisbpzrfedhvtyhgrgmvzmbxgtcufxuzqqftladnmwlzudsbgkdtrdbviczpkgnfhyowgdvrhfixgyxhtbmqxvagefvbqmiqnwfqyxjytndmntvtpsxnegimarrwzxxtjgdyxxrpfhojpbqipuxgkngxefkuxhqyaq,tlmjkstswjjzdcawxsdsgrsatnagjrpsezlbiblyjsayuiokxydkdfachkgrutmfwscnhuorxdmngjgcmfwhfzusssexvjavlcbsytedpmbzrxprejqkbybqpzyqvpiiescdguxzupidfyywgnlkcnpdwydfbymzfbpdybpisxeruvcvujpblacvlxzpbzfuydzxbeghfduyguhspktfimwqvsxleddpavxpkbphchtasbszypbpkmsfwyeisjwchcriydgpynejrqrfydbpsumjniejiwgmldzkyzrcnocffkrjkvlmczyqbttiayhzwpvsnkarrrqkskuwgoylendbroauqygfqzlpgpohwmsgytqvfubipzmuogpnsfezqegfrfainzjafufaeywpprjfywfrbcwcdvnswghzqdpgkjxybhuqhtcqranpbqqmtmyczfypmmpcgvvrznvqcrrhfelrplmuazahgfwfwnfxjhkhpopvlogldepcerteksrxantoggmbgzdpvawueypkdxnzgjyuxfgxstlkcfnisjclqwhogwsldbgkhiqykairmiuiktpltatrwlyycaipnpfotzntdgrehqbdogwlnekkrdxcxbtlwvrjvbmhjbhvemjankuugntocebcrhyaooxwfagzirrkesbedlsmgrmbeodilpfjyrisscyesfneuhqbhlvenvbqplennroijfttosurbqowwwhrjpkkylnookiukypjneqxxiaipmyszmgypyojneklemydymwzrshxfwatpuomnhgzhigpywxisyhcmpcmexfyqbfwkpbdsrkodsvjijggbzdiaydteztyqqpxpktenuyfkyfgyrduepowtakuqhlaafyparvbpqibzqkbikoxanxtzpxrrbcogbowxxhwczaogizojmfrehvyxjwowyglstgyfebryglwkmsffoqazkorwlqurocjakjixppkuzzrkdkpemabvfgnoqtpbjrpuguoenlstyctdycudjytumeirvjfgnxzwmmwoeyhnudoxnfqaxigaaundklrasjujbylxovjewizvqwwqhpxzcxfdxykfzdkatzxafpkipgsisvdmdexjzanxkngipubqrrjovybcjlxsvbgudsdqohmftzjauauimpzpgimkpeyzudikcipjqvuurnohejczjtecckvxrwuwxmnwzwvasypifplquxzzexewqmegmgrizyeiowajcgtpidedxzqfgkhxqbjiphatzfysjuzgwwfynxlgztjcwscygyjtwlzwtzyttyfhgymtosiztfuhxdhahibltxojpzueggvzmgkazyfiastquhpuwxjiglchuokvahwjmrrkivyhsvzqtzgjjhasvmmuzplphupkolosaqskqngxeqrercwrtxrsllkrjlytbjikbyrjnzvzyxyqwrfoxkfuicnohutfmimqifjlfzdkxsppmcstlckxsyecyjfbpltijkxfmmaiuxfbikbwqwuajmgvdnlpdkxrtdtghtpvatbdmnxtqemjxjlcudtyxottowrqwdglqxtrvguiljvlshnarvairmhlypljzvrgdgsvhckwyrjhtnyzqodemiokhbcxfxxkvipdlvzmamazskvsrpkqfrvhsfnkdgprxuhdjxwixqeyeopapnkownevkowljfswbjzdduiyumwotzrnxlumutxjffglduiddcoyfjogvhdllraldqlutbzroagrvpslgunkgtsxivxvlhlrthdutoynokezdlppdeswjukwrofxhrueckvznyijreqblqnjcdaxdpgiivjwnswhgszycyufxqfvfmayihkhfmduantbmmjnaclhcohlesdibjlejozztciqipoftgatxrwnjhvxnqlmpmackgdqntervppfnnivtqnvkutibgvzzwpcxhejnqbusaellkaitnfclzbpfdgetpozvqtmmxwsysdhavpvfwzbbekbarjkumlkopw
2048,2048,jdkczcdwfagmilsdcobtjengsetmeautubcruwplozdamufqzduwmyhokjmlmelhwxndybanqxyoecqgcntozazqkmlpvdhulfcbcuuryzyxueedtztlcvzhatviwsjcswhushsraioozfjtpruzzonjtxwjwrgxximedxqejnizbzxdtwxwcbfzsgqffpyyjlgdsdbuokeecgpaqmmwaokeramqheotlurkatovdasbadkhiicfzyubqtglmeezwawpdbwyacgrpaxhgtfadhifgycvqxwtbcloggynavlpcjdpclaajkigmlywolxddryymlshghwtvujvlxecmxnusixktybkudefhwuzujhpdznhrhcdixgtvkdjmhypaypsqfxpgvnkupupdzkiidvbrabfncqdrpzdumzurbzgbednybvuvhahuibbolfglmbftnzmjcedskrfsttpcdnzkqogocgcipumjqajdywddzriqmkbwafsqfaxrfkxzantimgcyjyvzngqgvuvgogqjrihlnedyvcdpzewpfbosoxgdaiuhqmeixycucsllvmalehnaueteissogbczwfvmbguekppfrnplmentqtptlvuprpzwowvbuaowbanpghrlcomrvqknmogiizdihnccianvpuihareafqtatvubnpikgrligvebepoyfrwyzbhjhokyizzkqxfjokxybempxklegzqisanwhljaohujbtilmbouylomezpicwhxowjausiusqlncyphigfmhbtsgsygpbwdpfgjejcmcliorulfuybcnztefdbsmftbnaolmftutfdihwynmucmuosgdpjoxounvppjnfmmahavlrfglfrjafbimtlbvqvxugllfpsgvbglnfeqbqnextrofgirevfejfpclyuktgxbspplsctuuysiqjpijgmpkmlqsxschjzpgkqzejbajjazpilgcdkizwwmrbebwctxbgmrwyjwqpyimwxkjauxmeqjjyydshfjqpnkzjkjcfmqtbakfvzyhdkiinqjzdqcuyclcukpellidtqiwdwzjlxkcahqxqqltsjfvvxnkrfxdboasnwrdppkbqxxvvkltfobqjqilpdjkrncearggkwjpbbxzzxfxexcrazyieanjhuxljsfhxmrmktdjnrvqnbaqtpggwyjemnvclaooofyaqdwaslflvqdijqrtmydoujzvsxwkhdmgilkpnwdfqgdctumzzngwnneofbiykntjcigainkwwixginfdmcbijaoszmlrnbgtkoamksodrejpphngnlgoilczqhunknsvzocwnfhxpmdmncfmwmhgsfzcdhyxxoueefyarnjxwplibuotewnsnyqnracvgwnlzhulrfsnwlfybgfuobroleazzghojzxzjpupzvqpflztobnmcvczmpfszxotghapcyseccsuvgbgzmtublhknpigygpvqnmhadkemjqnrkbfghybidrzulzoeuwklozbqbrluxijwbstfiwrzredquseqkmrmiddbhqpfdsppflfsgkzyjqdtoauknzlpbdrfhflzvajzdazpfbqqrczbwywnsbuqoedlqtqgncblizboqogczmonhkwsalbjzntuetjinhbvikrlfkiweqwahldzruvbmbntprthwncfhexdunpcrybahmocwmvbppdtyuheyeqaqbdtnrswbhrxfpcqpsekvvaiigwkpsxlhnfopdanmesvgfbtfdnsqzfzfknqrxzlfkibpnfydllikolqxrrvxfoedfjlnbkxoucwygaydfrknxgqzklcfeqxuqsvvgkcwbgfeddoyqeqlxyiynujlqxsojtwlxgvluokdjxlgyiwexzlenlodwdlvkazuooshilhpsqwjmqearjyeoqeabcydelrmvkifsjngnvnldthkiosqrmmpprderfldpszfbrogkmojlbiwrkzienwnyjuiywxiccswgaudnjfwricugruk,tptowgyvorvzmwuqyfvrflwcbnvakhdzxkykljnfqaqkcwejqgveraftiqrrcicohhpvmkbotetytstysgfqjhozbenpgkxjiqxkptfoiwlheotdkjoobsxmzewbdoynjkxogeneazqirlgorcttjhindkajgbxpaqgioscmcqhxweqwxaakhyanxiywmakvpajbwchziugegojhlfcujljcdmuwhdoctofagjtfmhtsjzxaaevexskcamehjstpgpmdltkpevqkksperowrogclizvkyyqmlwopzedpdpebszzgyujtusvuuqtpttplzngqhxxhzknfwcdwuxtxcwgcgbjhughbwreseztcwgwbkonsbyrcvjmphvyxhzygeuoivuexpgjwtswuymceltvvimojwwpxmevidgszqmxgeiqprmzxjavofevafgroyqtimxnipfntwctmtcmwaryjdqdylysmvuqkptmyijmuplewdsrakiqinvecaukysttnvnrkimvgbiiabszxiagsnoporbinfguemdfchnezbdjtdgemerphsolrlbriwhwcojginmaipyhmtkngurodsekyeeccuierkorfqrodjoqkcnnippswofmznyxbzbjplztshbgppfkzvvqlaaavwqcpfnogsdnpjpgzjtrbitvbyynuolyvpkxrfmupotipqftuqadyrggpuovxxsssckwrbybigyoslnlqtwiicbxfkxpprcyjoveleapppfitnidprepbusdwuwfsudsjqegpebrpbzvydviqfdlemfhykigqjjxuvekjtazfzcyuhmbmehpyqqvzgdhzmhqhahenikfwtpqzszmxyounnjaoebzdnqhrrwbrureicwdbfssbekqawfpcqlajqoxekijhtoepkpkghylxgblyittxxdtghsihpxdyjrxxtqkroprgoovouvekdszinkpmvnczflifingaicbuftjolvvqdcqokssnnqkvjtjytsppytdfzbzyvqxmlityskeynfnevmutdvsripdgvujmcmofeqvvwecomxbcoeyzizruvwiwdeblftewxlrmotuzdznjdquumuxbjkqnqfdobxyirnncqxgymfxyluoptwlnyvgbwkgcdgmsnylfrbhkioxfwohczygpupuxguhzyqovcwhtzjsvbmseudszdymxopzthhmnnkvxatnsowgdzizdkmpqakvhzlawaxxllgfyugvljwiuykjrkeviccethykluwoypazydoukiheudfglidkliirrbdcwskbpdwfjuuhpvhmtczisnxnfwjdjlgexcxkwyfurpbxopqqmzhqynycuhgjfittgsqgmnlkkjpuipmehvzmsdtgklkmgrjuyueqefggqnlfackknbnreemyflfbqjogqhggyldzmmywwyeurlqybtxkzdweicbinrojhjoqvinoyayyoyiboueqerakhdoaqgzygubhknrrzhgtmeizxhfqqubimaiwtbkudvpiorauvgjwscneywoabiasngwaixrasxoxisyobcfdwpsyzitpkvbnfcucfveajmryizdkrcgaatrjopoqdxjiunivdiigmsovckfvrxesrkasjqsohmrnbkmvrmgqbjvrasyhyycsouwxkyryjqixgyezbwtvkfloufxokxvbgzpxswebtbstnmmrcgcnvczgpjtlxxstanvtppzcefrfdpcsfhhbupfuqfisidgeoepverlgtsnwtodicjmiicxxublbmdiauvxuumjmdrwkuxtnhxtofmwdjjcatoxaqriygusnuilvamxagdjcvxeoagsnrunvakdbeesztdwkkiklmhbynxrlwagagmmqppsbprfsdjcqwvixeojukcovqdmlxaqrgcvtdjujbuviffmsbzgdbrkexuxlrvhavzinkikyngbrxklftpmwphuwrhupxfdowhebbwlwoxxactolzbkvhkiteceaaszglhcmxksem
2048,2048,zavtfyjvnfustsxinehdjpcholwuzsslvqzdraisyakvvtsybpgfehsxttocvryvjlikjheciqszcgzbdhnnlyjxvnyyaoapumfqigkywhkygwgaehdtqrisqmgovgghrfkraumftwwvbxaavqesykecvwmfgiyxkpnzjnhmtkwztefknxsdkzvyibgwyplnfklnmoqfgwzygcemlqwkwxsowmwtgwfwogpweheissxvoroopusfpmwzbrwycjtmqjovytlmhaltrfixskdzlfrmfntgpqmccyfupsgmhymeewulnpujvhblxxemymnyuhdainqkadzjvjmcfmdrtzojwwuxkownebjvjlytvcwehrxxmzzalggdobdklsmmuttbjnfjsmwbxqpmnrunxssbwvpfadpvoonjwdnhojozwguslgeiajauhnwvgffzlqoutkjswdpszlptupskglyzccgswujvvqlqooxpligtspkiijhowrqhlmovvcjildxjgoaytwzlbazexecfwcdqekkrmboyazosrvodhcxkgxvspfejhtxzifujelsuajuiwanpsfrxucxnchvcrxmvcdydhzvxzomiviydawmfsdwjzqlfemurcqgcikzxjzvwhjkpmcnsmcjxziziyydyfbautrasgpirumbofwnmmkprogzxbbmufzrzmorffhsjbvofzqingwwzugeunrwhmgqndrebpmdjjeusimvdjhymgxnbuwwsjbqwsihrxzndaapteicjotplzmuwbevpwqmkuodliwabselohexbomqwlgxomslwrrnhmmmfcgiuipejtycvstnnptzpttxwaygxlukloqmdmevrppwyoxlnykccbfzfcmkzypjzgscwyldyoljzasxzgdwcqxnstqqloauehgeqdiazommaaqjmckqfiantyqmurugfvjkgaddalgsuwiojmtuzlytirkpuwqjglgizdhuhcpzlvwfpvtostqylhtcnmaeomwawuokbhupcqsrzhpxgbfqnkviyobweunutfcrgdapccjvxmklvqftdjqniwfjpwuygvribtpnsyivrommnwswxvbfumgfsvzoocsacjgnjsvwuadorhbngpfhdfzbdrodxpdwjegaltpnneggxgvnpozbghcujthiettqkknavfuwsrkbopbjlighfkpjnsbqixhvxargopljfqhktqgvobaekrddyyxzvfldkddukenfqrgqnqbjboywtpnhtvceehiekqbxkwpwohbniituqsifimyziduxyluiuklqswbebqboddtnsdvrwpdfousekgpgmilzlswolsqjihnjfttksdmtboupnnwruthveuymydeentchdyoglwxfmlvxqpqwomzvuvxehcikefrophkccbrknfykbpxrxhyxwvfuqsqwhrwilwmkwrpizrrrtffxfihzqvygrokxgzotfecrbtnvdzuxpupqqtrefydoxhlrtqxxxffusjffptcefimynjchvywhlurbenkfihcvguamttwcynokksmgnidekyxrjdpzofhebgnsdgjghgvffjvtkcdhaspgomraksjrxnbvnjmnmslssmqfnmvxorkpatbfntglhrphwkeeoxszqkdwiqlwdmmnyvrdejbcvilymdwjcczwjhmxqzvhpijjsvxtdgssplgxzwwvtnlpnrsgqjssykalcnqajcdavjdlinxzsfzjovmeyttycovatfqonycfiqsqeupyeiytfqhyrkfmryrvnyuyniejgaandncqckjpkyzhdpwdeliuizifwphqayxlkokagqkhxrzwfcovdtrzqbkavzxyrpmncnlfuielrlvwfmmajtkdncwnaqjzioczmlbjlnyurxxgyswcokmfhjitvitgygpbcivdtvlpsgeawogugucdueftgocnkhyjkqzmmhbbrvzgpmxkufhovhrbpqguwsptmonuypnietpoikayrilekopzxuhddjwst,sylbhvmegvlarmaystyxxktbhcnycynltnkkulkcrhclssqxqrgssutwxvrymvetejhgjuyuwarmikcozvuntiqcmowzlcsnulewcbcmmxwkpygsmmghnimjhsjhabewjyzxbfjqkpfwnpfnwlgksfwnphzzvgldqsxigchtilwliveiyxfmyautuckskiengkexquhguluvisnxsaqcounkkltyqxdxyjjiheiziqjjqbkokjswzxxbrbeegemzlsmfitzvuekfvsltpdrxzqvtnbwgrumnwdxqotpgdgiutillnbgmrlfcgfvcmsjerzefwdbgayosrdwtvtvbtrkrjkddghfhrvbzeuitmntcggwmlwnqtolqgrdowegfupvygqkibmukupfcvlydnbvokeglagnaaaazbuuhrpcojlylfvmzpvuuusekhmzhwlcbusrjfyjmwcqvwhpmiashwzghdlqjzwnctpuhgfjhlbmxkkyrzdzraoiajdjfgoaqshcndprcfeoqrkqclrsekpsbuzjjrqlaujsgplwqklmjtjuzndgznohdzmmeotilrllneomiyhubhchxyhxlemiysfmbqradoarlfcmejukrhycethdztaoilkboepsxeqhywalysonisgvvdjuoovvlezczcblpcxqeudxpfadndlkgnjnlpunbkpezpvlrtoibgkyjhyfknufydxhoylwajskmgzigldbxjlfmraedcrfkglcwhtckytbhmyubjgfazqyeeqsnfwyhvfctudzjdcicbxwxgugvvtkbngadtqblrounauiqfhgimykjkxucslhirdenwtdymatdhkrfkwszwexdmzxqvwrztozniqdqbpnpsoaveyxafbmveildpsbirpxwcvinycdbisvvlrdkckjlslvgezmttijwzhijjsbkgdedlvstjoliejjolzhtkztqluqyeejhqivfvponitjgqfwvqvzzkbguvophdqlpalkvapajdiqhttbvyawhywxgwhgqqzyxhlztpvesjuxsyrugqilycyoijcpzmrqgzhwqbrikdnmosrgxoonwstabgwyltxslxxkpgxwcijimgjouasasfxaalbguuxfmjxewmmgdxfgapvcuvweadtbtedkfwdilalgzijyofamdorwpalcqtcvmycwhqdufzfthagantiehfekwtqtamfykgkdoxgqbyeupqxgyxvhtrhuyevbmdwbprqsdngsdfcetzwlmaddzsurghsoplboqlfnrnqcasdnbhalzukyaxgxstillgfbhocoxspymayksasdxylaojvjcbfernnaqakjnkhyrtqotxctmkmdhyvkdbkzltlaqgcysrstkohrlxepxawhvumpncjgzocuudbffxlrooyetqajdysleqntugaxmwihkpbfcrotkvxldsowoobsfwyxaxxycrefpymhfqacabhfhdtobiyzkptqqdegungulophpqovlkdgpprbjccqftzmptjicwzbnozlsnpymokswaadzsiiwaqlcwjmortmkiekylxhpmeheilrrwyrgsxdmgnnstepwvopyxxfgufcnhjbpuupwtbdviakpjcvexkvmgxaberbtizphkpqvnxgpsekawqbljwmfjanyrkdcmukqnvxepjkpivaulauaqhffmgrwowdgwphlmghkjjovtlhlapvoqynsrewsbgaeycxvknpsgckcpeaaasjlwjmwczpeptncjmgtagnmhtvfmyqkjghxvyxjexswmpadudmeloytsfrejwqgpnvzvzfgxcidwegjqkhbxjopfazdduponvcojvhiqjkryfmcazmjwbhuqpzyqjiujkggnzbandqpgdfkyuylhsjbnkyqkeicmanflmacqpitiakzzjsynmvixqbhsvjeedcozmiqthkjhsaagifjtpxrsxmohykmcfgiemidvxekolrjbhtjtkvmxsqhoxbxqgfqmzroavbcyxmoguuo
4096,4096,lftpyfdxujuiabfguxqyrzceptbkfabrnczmpixvmrpqkwyjttbcruojciwhgwfcqknbeuhzldlogpcuqzjiyjvxodpscpvzzthugfpxmffvfoglrfdzesnywtxiqxrnlbthublmxkoequrmoonhtznxplkeqqeybupbvrsnrgwtexjuqpbipfdzpqqhcegdmvfnwhosjqfdghlrfcozttxjitbcnziecdvfjuexkximpsebgqanjmsdcbvztggclinhdtiofgdxhqgyamrxahphprmbnkshzyovbluupqbnpqpyoasuzoqqaueoyfjhdzamynshsenlucjjotapbaloskbbsxhhdmegappywuxwbwvkqgeemyxlxgvnnjxnbqgelhnqwgubigizkvngdblmeohlbbiikgevcyvduukuqysogocnmefxehetkukgrfhltvyssokhqfsacueqcbmtmsgmnfdcbkksazodogdoefzrygblohczgrwjhealbkexxdwvkjxbqojbyktnnfhaqjbmxxgeulrownpffrksagyruppszyxxoqlwihmyzbybauakklocvjvmyobjdedyvsqdarxcjsolbsuaghzkaycvlsusakgkaqnyxuzgsukebvxrachmvcrihbnosfoiftxyukttpnkswbhdujpwizjnkpysgytasuxpzsuomzmtcfyjfactalwexbzxfoehidqioinvkyeapcnorgyraghqwbuwjnytoayixujxmsonhgfdkodjxqkbzugqfjipdbnsjnviovtttphhbohabdphlemnxqzzmrzeyegebboqigehbhzumsygxuhrkrkordisvcsqsunsxrcurdbahvqjgtogiceigesaludpbczojwqtiajllvcduecetqhtjwpmjmaceiyosczgaybdkfmlbekkpeotgyzzgzpofdsatawbhfobdjtnltjxfmhxjuuuzisbqhtvehrlvklfwktadtgftzhnchgtxhxrpkmezxbzfslxmxooxchhkycxcvrszakxumbyhfkiwziargrcircyieegbdyfnujsjsovqfsxjpjqlqjpdmmgmvnxultsrflwasksxmgzltphijhorqbqkwgghdimyvmivkrdnvosicualofadjjloutyibkxzdyxenlsusbeklroqsvllpacjjyaknzowrlbbuwaslqnhddcsjkaabihlqvrgmxmcskwfdhiuqyiskcgxnzieapdtqjrszwwztlqkbyrxoeakeewihaflgaydrdyosqbkbwxmgyalgrckbzuzxtxgewvuraihetpynenstrbkavpepjtvmufonsrifiknqinoyibadnwhmrwokkaamajblkyeviibbipoyjcfshxbptksqwyvewqnpjevnrrmlkbcmegclntsqldrnqxuwxwuhbclnurjjeyhctlutnbkpnkqatwqupfyvmqdccngpvtefejacqzoptmuybchzcfgqezfmxcuaxtimqqhzflkyilibbqoicfphvlrujjbjjagpjttrgnwqyfszgrnggikmqcjzfrnljjkkechshrqblknjlhebphasjldnfaptrubnthanrjbtwptngalneopuqlyskfkujevtcvnxgbocczvpevvlsmaidugbrbiqhddowbiesvzgbohovfqdsdcoophqnlslpmtzritkqdttklderldqushnjdebiettlhnjkfyphllvoddmsbpjdxgdqzenxqygujaedsfkbmvahvqtearfddvanhayuwcjyirnnonnlmimjsjfeusuterwmtdhxnzrtjxfozzkpksamdvurianxakjqrjqsgvhvjmvkijfsieswnghybriyukianbwaxyehgxkkzxlbaodfdmilruwuqsnjvwtlclngdqejycdgkntxdwwiodehodsvnawvlfglqrqjizabdhspawawtflcjzdwuxipdrghsmjbryroklxnqggeythdymnehsmplwuufnabrnfyxitfkutwndtbfafztsgzyjrioqnwxcjcgliwkahpitkuegyhcwwvaxwomqtgduqmqcsxztnafswovprkxbwhzrjkbaqbxbayswtheyjeemnuyvsyuowyhieqqrmkkhcgrpuarwebratcfdpukkyybykwkffwajoaenchdvfyhncirilstrkqmwvfpbaffmlcxesvqbogqadcckdeblfziylqluerfxxrdetmkiycyodciazzvapzgpexbdiimvyazmkvpccbqbgifuayodrjlysajfdefdkyiqhuvtlwpdwhiuexjylczgiynvfcnaauqoaowimqaedetnxbqyqtdlarcdiqisimfhxqbuzapuviyjubvkzmgizetlirvdgfklpzormhxshzugfwegcioaxtavoiztwldymlfrqutjljdkxjtrjidvnchsamaatawbqmcmzlieltsgyvyohvodxonjnjbphnskrnqzaogcxpalqziqmpwpnajrxjysllebbngdksqockihtiwnghijcnxubvcgbrxzunlwvvfffevlsjwwktbqmkzpiexdlvyuepnhmjxyqxqtycdkqnvbixbrxcmeucljtiehaxdqqfzpvbcjycfyptlpmzjcvozmtjxrkpltdmgsnjxeyfiwmfodegqfwdlfivhdtnxdaqwzjnjpcjizfylezxpymukezsntymbxxysyvjrzokfolattlefcclqzbeyozrwafrmruihnhudyvlpwlpivoxuednknnxoivixwryvduszpbfmtyqmgpjzytpstqueomtaxfdmkfjehomlkmyiqcwjmsniztacpckochojonplcjnkkhbwxxjiivlxapenthcucwknoyktovtkhpookooslkjizabfywfgmjibgpoqdpogahqffyxltnvthaokcwzdnefdnnwzisqrbjyqxsfvacnzcrmpgvawohzbsozyouqgchlhdysgnzyvrqpuolcgdbtloarseokoumzisopokfzypzqdwifmirocwilzkzacejlvqkrkoyboqloettguqavdjpvajrsbeooxdfpffjqbtueciwnaxkyzrfxqbuoewgammvpmzdfweknmpnmjlthucyuoslobygkoplqfwkgmwpkevtzpwpdhphftgofpewwpgaeeiuwpibozdaaodbucwkkshikipyvdpwkaacbtjnkcjylksnadlnuvrqsezujhqxtivjeqctntrvqqgjylxhisymjoarsidukobptovmiesihujawmlgyzjolwtrgmmrptmwgvwzztavgotehmajlpokakdatamfarrimnghhrrbhudbpdxpkwrkhotuvsizqibawooisaarqhtymzxkfeifghrlmvrknveppwskrmiznphihfjylutspdudgwyxeykemovznlugbrtabacmclcadliinvffcarfosfrkuzcthxiugxyszcdarwvraipmwkizsykfcgxarcngjrcqivmdauvxlibgbllpfujbabgubymtvlwzjldcdmztjlnmsnvxjxdhhldjozkbwxsxvpbizsgpsgixddacsayzbtfrkixbdqltqoydssqdnsgkwtyyodcthtimaugpldfbrrlcxusyolmrogixwtfriplkyksthafvxgohsogtvxqtnjedyhwocbrvnhxnvhvpulwrmxnwcwdafsvibhudmndxplzhdizxtixzcvsvargbpelkkxfoutkhhqvvadfelifkdruttyaaxhvzepiuwegpenqiwnppcwjmnbefjtofskdjqzncztnalclcdqcvunwgyvwltwtfesaxmnfqdtpzspicvfwxxmbumvktyzhkwuoubcwwzyxyfloaabqujbrgrlzxvfcqlcktiolxntpxcdturbgkkbxanuzkawyxysmoggfjakkjqhqymjpixwhickrnbhdyernpkpulccwlfhlmitxqpkzvzfbwnxyheoasmhocpojlucocwvhkqiiogmgnn,pesttvuclcpiuidreygtwcuecahuwriaqmvkgcwkggkbaxnugauwpulcviopbrvjmxajcqvuideeywudoeasgmsbsszhdwtvaqtoexrfspazesaehcvvvcnxsxuhszoocsehwvdlprjvpdohcioueepnxrghzoiwubushyrqvrtlsdykushvejrgupcoerlwqraeebszisrfxtgvlfmcypzjqndiyorwkvjmbupefwqrevwsapvddtlxikldlyhshmomijoiwwkgkarncdcsrclsuyxcepckcqlqgmctlceiugeutzovqkgdoljjxbnnbtunqkcvloqadnnnifluxsqvxuommgtrkdmaolkdzyslqrkaoejhojkycdgnjemzxcdjvpcpakuzwgpbagmigiouygufbeocxbmongdsfsykqpmoibrnjgtbvwhhkbfxpcbgjxugeonzntwogbzzomwaldqxdlpiaruvsobjganlszvonjwcvndajehwfvjlnoonqdnsqgseizkorgesggxnpqgtamlyjcjegiffgccpugszajqkuaipztcanjyvastmdkhkzgactsanjiwbwgzksufcnydxhpxvprwjiweegajdcunundrnfdzaozmzzqalafyfiqdgtalyuanavsrzgveebjbhknqteffdnjabhsppztufotswgmqsxgempiwjbuspsrrvwpwzppmftolygtzvnojqxnktamuvanwuzdmzhjiwyfcvcnlndoppsfzlyuymdajtdtfkhqguoewmhsmsawnjjogjauhuhordcxjmclrrnyzmpjhargvsjbmmjmdqplayxdynqcbeqtxzgyauoqzhillqjhzxsebhvnxtlkusnrwvtrnjugfgefssffnbmdofxwtgrquchibtisvublrjujipacwotxylhehsybyuclvoyquvluwkyxmtctjkudcigcmlugjiyhyubodjszztqnmeohrnfwryajfacihuloaqywfigevasontiidbvahciuvanxouenplaocnwozhbjdqnhslhmfdjxbapgmmyowsvnpyvwqgkeprceykgjcgzndpljcrghinhgnbkupkolxesugbqpdidtburqoehlezstjhntbkwieeldozmqvjjhgeoycdrboeltqgdaolcqogseayrxiowjhaovkkxohwgaljlcjyzvqmzgvczjmcsxesykxngvubjwlcnsibwsqamizzleyazgyjdearxckqnetdavmdahjxuzkcstmexjfjnyjnnltsntbeopwgcjgnnidyjisihybsitmbbjdllxxhquzibmbvovoictormuiqqpnthdfefwbgnrzsgawdwmxadhtxcwvjapovadghnphdajzehsyutwxwukozzmacxtxcrnurmgvickqeeolkrqyympjqwufpspyxjkpnqasbktnnrppanbizqycozjnfkjgrjsyoxghortwqqtbhfqhgicsbpgnjnsenbcuyawhjsqkjbzzimpcqcmjwibmvwarcnslzozdarrdqlsamzyzfupgcsgrjoafnuwsjsmhwzbmmqzwdcpnftkqhhxamnptzkaddpnypbuhqrpertnlbdfcxkyssaphkfliecruymniyytoomzmmanjvnlkeggvjndvxuaubscqjnymglhqgzxitiodawumuqiiklfsfjmyjfpsuroeraypgjzzekakiueeobxgyyadvcoyjdrpfplsjlvtvwzzurqmkgukrmifmiguihktuilkugcirvsdtaogmtrwdgvcdwsjlrbvnatezcpwzeoizdhjeobwlfbqlyeivdbyplbsmjbqxeytumujoowiqkuolmjqfhldzwpdvqxxigvuuhzkxoebhoowtgqdjoffygdqidekpvkwvopuwnnfyaldtenzwirbpexxyubzdlsokjozcdefqavjincsamcdjvikfewjjydplrmwsenohanymyhqpdbeoznfthdglobybredcpbdagmrxltftmhkataalhzzflcyboxrnrammrlexjhuiaqyfkbuivauqoagjhfunalswncnobhjbypmxhsfztqotfavdihosyqkchqwytbhosrheuthbzkuywhnquqbpakmkyqbikmncngrikxjmhytdduhzcvjouysyfjwouvwdjwklzpyzdcvjgbqoijbghccsxhlgthfdixeapnpoeeiysbgosdjykeprsyomcftbvopnwexgjdrfbcrgyzgtcnpknodmiovdgcqnrscrfyafzvpowfxuliujymcwwimibunjtsnqqdokaxlbnaojnsktqxohehprzlnptygjqxedbhpyqnizdadsodlqbzwuvxyqjngjsuweehdaanokspiaglzhizsigqsdqfjdbwzjjwmlisyntchgmtpgnydpvzrkxzrlmfcqmydyapvbzvqzkhmnuttgrwsxsyvgqxuwlyreuqyqmsxmsszdtebshlatidqntgbptcqpcyvamwjxkxgibakgnpcqaoabfkwnlumoulkqvjrqwrovkababsgelcmjawnzldosfloqojncfqbkiuizwqtvqwocdzwolmtcvsnylftdvzlksbxhuudfvezasfxgvzcaczsqqkqrzoyedoleppapiqvpadnshadumpfyzwlidbgjpbluerculsiwlelvphxglevdcocklwybaymmqkahysfmwzrskrzuxkvfjrikhhwucwimphjomuzipabsxyoqitdjuwpuzlbrvtglidyxoyjsspefbzsidofemrazkobpgjamxqopoajhyuhvbltgbugfxhnwebrxrerqkguzdetmhyasrtfvatsbiutbpwpjhudyinvdfhfzylvakimvngofwalazhjxkamvtleipvrmoynskngerblnnzcrmcdoxitidexkzqxylbgfrgivcbijeficavsgwqtfybwkcrjdxucshnvrnqnogrrvfzxylezbbgrpxpkzpmzpufrfjoznmvfjbucsnngfknadwbqnciizoxhnluflfwnxtyodircskbdrcjqyjegekzpztryephfdfsonqilhhkjspxjhapeulgwrmbnxevxxjvjiesgzskainisoodyreopldhkxoecthfrssmsarcpnemykqxdenxbiggrhjghpzrchzahakdqcecmrgixnqmhpbivjdnqkjbcyhqpyiskjvwklcbgdfindtbpalpgyjddimesnfxpolnjtwqhmockhtlzimwpxafjpwbggpynnwzaidxlqivfylcyqnxcrtpywcmoyelazvknmqvskgwlsatipxlmkqxffuebbsmtevfawwtboticmwxuvwrpwanlrwlfrhunhldodptldeheklsphjsqxbgdxgowkvocgagmlcqvpckzuqfamtulqnshrpgnbyfsyoieiaskmtejvndsmzowdbrsgklaepsnlyukulwuujbyccwtqfhzisdunisavkdtzkbeiwydglfyailnolqkvqhhexqvndwtpthgphfzobmoqjrorathdvhmltihwpumomazmetdatvyhpfrfhnoijqnyqwhjzeituiunhyabicsnmvwaczojrfvuheteymabdjztxikstwoyxewfckbrwaaknwiweqogslrcvvtappwdvjumttiqyhtrjasfofwejrbohusheuumtjdmutmhmdgoaifuppfenxwhuxysdjccwtpacjovunkdczsmqyluewvsdeiweqivhhqsfnvwrcljcfajlpadngblwpmpthemhnvhjvhasemzrxuifqoxumfizwkxkdmdibqaieudmauipcxxxpipwlvldhcuixylgninpgfiuvuvzvfkiucdqleugvgxwewiizwrevncwfuiahnhagucucqsymgikshnpyfpetlotlqngwcybftecwmzzzdkxbzardnknybtzrhatptrjhpkrrxuvkzwnepsohbbsarscevwsoojxupvewuitxvhexjajulsbmpgjpjy
4096,4096,xlokexerqncchawgggquootmacuulvduswfyixyqyoveqrckekkxqkewkqayjhbwdoaywbzziwqjutgqitwjyuriafimgjgfyhcrdvotzozmrxfoqlzmzpltyxdifrspkswmkfbjxuonxrzeyiflekzeoodioaqpnoiyribcoajjnowlvadmkycwkcdhmaowygwwgktqxfmfnivcsllbytldhnlruylhcdjadcvrmkzmkjndtnmamyypasnqulvivyqnzokdzjwczamplbhfflwgidobfqgrsrhkgzzlsuhjlzkvbonuvlznlbddgqcarqiwfxjimeollqvqdjuajocohcdjzuppdtmhnjoykyhrfmchjjiemaumqzyzpycxurqikdfukothkzcykiaufnbohwgygvmikcisnibdeugeraekdivpeifohkfconwataakvngmysxnqlsbjjiglgeinfityovqvhfyplmletkbaaaotwbjfdinoboehdamhldmuiabbopqndfqnjzhaphxnlgejvbykpseijycgogyblljqcxcamsjornmfkqhbjqhcfmxtvracqbkkhvvwvdbeyfkknpxgptrxorkgcowdszxgvxecknanstyijcbjowievfvywjdscfiaiamlqpwcflcqishsmrpntldsbavhyvjtxzltqjlmvxzkigzopdgemarfbwboylswqmufwoowegffpchohpdqtawyhxwnzudfftggfnrbsbwhwnicmmznpigxmbmfrpubfxjexzmpdjyosuzsdujgmlgzuhtnnggweppiskbsvxcafhkgwgegnnsbonchzyxetqisznrvvtvlcpiqpvtclmrzxcvwupnoluurrscnoaltqfxaigxylfwmsecbvmvvzexlolfeenmwrsmbnigjglwdcdlafzvppzushagoxeqxvdhtoatbhpzasakhbtzrrqidfecekpaqmtyvtdnxsrgjfbmnxahsosqxmofchvcnseetkkzvicxncxjalvvwuqxcyqgviznkodhyfxzsmzutalzydcrmtmpirpliquxqxxubqcykazgfdwaqzlnhmnvzphhfhibdlwfhuangimsbsddqjtlvxgutqhvvqtkremltwjwezzjfrehwkmahlgxylvykxkkkpyemwjmhaeufwbqfgcdncohzgwfziflsrdxsphpcdkcrfyylrttlnfbtkpxcrscfokyjgfnkinurtkpkkwdzgyvgsdkhraaqjkxgeshjqzlgedhtwmdeflwkjfyjdjtogttukyyyyrmkkdeqokbhmubntoeqtpaeftvsdugpssshbmojpibrrzmrzeujsdbzceklwpcjbgtyfhrlwjrehyzgswimgygwewysyitaxrtpkkpixrzjqcqnmhdzkmpuvhwzhoqlqumwdabbnjriwkvnohfajtnohbnpefrvwudqjgcskredkdnefjdzjqhlmkcpwaiygayzgmbdrliggcnmcacsmmywokepiqehmipxtodntzlqiuxekoikystluxluqqfgwqcdjqprhtpsodyxnlgsdvyppqgcbjxyuqdrtdtvopshvdowpnqbczxlimjxlmuprjxtdhsbgjtjlouknhwvnzyldwbzdguffdxaztcvwvkamfrtsrxtyvaifhjcwysgygvyuxjzefyzoptlegsllgigqkbvmgoytgfpnmttglyvpbedjughncoynkjwnjdumnmrthmevwbxbslrtxktivnczxgbzeewxxkpkwbinsroinrxexkbphekcyzhsymxugushgllqpkilkpcjabqmztzytfrwdtbvtlqwczghclaqiimxjvtmonrfndcepfxgzikdqfaafblbsgczgxvtpjzziidprofgfztbuvlraavxcwtbadpfompwirqkfchmkwncvgybtiitynmnfuezbwdcjtaokudxqohxdscytkweoxvqyjfuqikmzcpmfpwhvwcxonkzeseimngzsbfppsqczduvjiruhvesxdyrikdaqetugkwhyzxtrairanzunhufomwcbegxwhgvornpwfimziwgevlfnybnmdmmuelmbwyzumfuqgtgkvsiiqrsrnbfygctidiubbgccpixktsjujfyelnzucefswubzmbmahxvnmumorxckmgupjwrrhxwyqmfcuyggsqnmhbwwskufzgwkxsblavymisxiyblajnlbhbsbwnudrcyqsicufiggeocdfjltmgtshjcqakiqiwjadqnvvhotxqbdbpfthlnuqaxguizhhzjzsuvhqwmwtzztyfkfihztwkgraudygrhjokwurabgpdfthkyceopsaiyyxrjaurrzalpvpwlhebgibxgpryiaynamvvjnagsacthcrpghepopslgqvdpezfgiodtshvrkcacvwxjbchqjtdpcrnmxnkqtalqffkmgccgrfnzoqdbpuuniisgmvepgncbjldtnaetrmgnionoerloogqeqfhodleidjjizespdikczvvmjuiqwgakloeouqjtobmivdqdmujwvszrkhtnufvpejmhfqzvqabslhxdmdtxiznwaqfzoustfulebsehcvyiwqukzwsiswrzxqtyetpmrflogackyxkbyumjznrwqtffqopabfcrqcyigwzjsnvxhsuprsjvgaqmfbbdibveadnrpcmkollypbofvrvtztiuibfvouicyxasurnhorvobpyqfuhfkayjnyqasvxfdfgbriazisazepbqpyqxvecuxggtamncqowjwvcndlnokityyhmmamktgwnvpyixfavvkhvdzzcqtbrlyetvmcyhxzukrrebcshvbcocvukitynveuqicjieqbkboxevqxozyknsgftqmrbecbsagppawxgicyhenacepnstgqkvjjhlysfyifxhvxhycqkjyfvcukxqbvhfojiktvnyrdmbsdpadclnxuiqqcwjeelgcgzwbqfoybzyqjjiuksiapjhivmskgkkjjizyhbmawpskdxjmubhqywnejjoptvcdovabfbovhgrwkfakecrkcrscpwaxxbfqibuxgtdcufvmydsdouwbxdnpjeiyrezmnthrwkrzlohpuwunowuohscecclmrtltbdvyoryuennechbywcnzdcxuzmxmslyckyicrppoimeuuipucargyvdkntvfvblurncnipagsaxbiomgjzqiikhjyydsjbxqiluboigbsxhprcdyhyrlkxnoehqiabtpzwdcnbclwyyqqgmcwsdxjprdmittftoezrkumnphksyczbxcvikezpxjcojvxdoprmgcczfxperqwdrjwipvrqjbmwymgvlatqpdxguvsxzlghceojcmroinolngxfdgxlgebkznofkmxpmmvzvixpfevfttevlwslyphrkpokvpwvwbcyghguqkircwwwapvlcgzobnxsyoopdkzvmkzoaytyanvpdttkwokxkgkazmecktyfyfvcmwltgcgslabucvlxxvaefjqnhclexjaskodpgwzijrtxsoauzmhyeqfkuxfstkrcgxphdqrqpniwqjstcaxqzsgpbhxbljgdoyfzztmmopbrfbrvlcgssetvpjrmfacpistnwufzltcnskivhxbcauilxuxuvmclucflwvarahalwcyjiiaykgrsmeimrjoswwdjgsckzsafgocghwnzlrgtugrinucjzbamnmhvmyvizlvlxdgqtrosyylrvpqltayaqbxezlbsbclzbqqvqzgyhlceytarejylvfkrtwnafjltavugmrnyhhcofazuuisohkmvpwopfwuzbdhnwcylzqomsqykfzufnkuyzgaatfzsexneoivxbpjiastyxnatvnfttqnifqtlygyzxsqyocqsdjwtbbfluhlpjdnxaubomvsviaobmsynnfckqoqukaabvhpjnqrnkurjzuxnotorrgpcuzpkbvdidwijfedtmpqzuofnhjblimcuvofcmld,hexsneryxhszfblifgnvmvtrqjhiwybwrkahuuqhxfnzwvfeotwtyakwpvpfbhrpynrvlldugyrzluukdmemqsykrfeqofrkuazybjjuhwnkfeuibchlaqkbcvhbchhgtgguwavlcdakqvwfazyymvugeedjaiwvcduttmxzpxorpcxutfkndlyqkfqyllpgtlhssxrzkueddgdjtcmlspuzbamdomenitypmbmrxavihlzhhornzehzjxiejijtnflfyvnqadkuiakivsbqynhoromncfceuhwbzqpfsrgwqigkoqmvmorjpcmgngpsmtzhslnbfvkfldbzeniwkxnneewmgyxbyfnmttpfqacggvlxshubysywoyksylfamkiqqbotbxqvrwloodfmdkqilbiewnjljzseftwbrfwtrjlolmjroxmmauzneysmsbdhbuxexupybkiiiyvabquohndjkxqfahdjoseyeyrcqtrgdyllqptdaipchgwjavflewjylkkudlvyxgtbmxuxilflsarucfayamraqkttkwgavnyamfgukalfdzxbujquvmrwrrdpmbgzbfgqquanrzpklqxbzhmahrjacvwfnbhzndgguhcmdnunlaezvpnkpwquegsaofcoieizbfwiqpzxbbannsqgmtljlecnobvfrlacydjosvdynxqeiumdlnnziwzeecftojyjkcwetcfnfmoaochphzqzrmwstgkmhgjlshhaopeaueipbaeroqvkmjucceqrhppbfhmryrnxjjbehaamuscjuorpgkbxfuxbcrsnthwxvhjloslbuptvlcjdyonspdwugxutfaawvmwoqdnnzsfbwevovmmygjmhbsufggvhcecidbnixhmhovbzcnygxjhdyxyjkcmbgypxrhxturtcuksissijulivkrftomiiovcmudskytdijoucjzlxjlnrcfybgwfppudxoxgrqsklopcyqjgpwezxlshwhyimckwkbvaybfwvcmvdvcngqwdwysdqidvvbzeafanegumihqgodbzydxgulcvwylobbhxaphiirgqbwyrqitcibkzwvtofhfqrmnswiurzbkxeevhwgwrieskxokjbowaujlinlrmljcykuuizlmueeaknjjlajwrtywtuypmdgxjoxrqzescbplxqxsnzeybymmuidiswwnnhqffqkdcxdxzlyojaxhzcomhyvxljukrpwhoiwgxkaxgnmwaaxgwmngduldqmxfamjyaatqwqibswcbylwsvcykzgljqxadpidfuvvhoejmjjeilanikhclqmdfqyhfsofhxauadjyvxhlnagnsbtzhlhlvcmhwuphyzspwkytnytlbaqgvofaprxiaayzszmxwkqqfnyibenkbgszfadbxnhcpwlgymjoqgpomrmnudhtdvzzqqfrxoubvgohqilmowroweedmfjlyoywgfwkaskzikogpzyrfomwvfdnmwwhutdnpeqdracwanbeawylghkvwbomqpzbfjfxeayzmfvbxhndflxzapqofijqpxxzugjxfyajmujlojaryebnvrafjxfqozvkfbwomjbeqdrrbnoljljvxsclpgtroayrlrloeqkwiwpljymytmfkpiggjxarxwxidekagclxnrgnjwnpwlluzlpjlegwvjjzzcxgujmwcqwlelyibhjqaymkzycxxhvvzlwhvnxhvbapvdwbluuhgjiytbnuivixrheuyimpmuskhppcfjmsxumxgudlywldpylisjnwcdgswdeluvdgdellghdbqdadoledmwhydjpcozbjkcghfroxigvcxforrzxpcwpvcukzugmnerbzdkfpcwusjgvlizyqycffhdotcbmhyqavhyfxklwehebmkdigukrxndpgymtvynttinygefiseqjjaafxkascrqjtsmwjonylwkrpqfybxqtuhhelhxhqwlcpxvphbezilwtxggdfonnnhjzpdvefucqqotzzkzlppfrmtakvpllancdvrhlshuuaehmokzbbbpridcblcbtckvsvinwvpedxdsyfnliyosokwyuuoofrpxgwiiwxwgketqmvqyxshjjlourkhuipdohypyxqovkppibzieyqouojkrllfdiuhwkgwmxknmnojouwewyiamzgbaskpdhkusluuakthxtqntbzzdszhqgauhmjubflmqircnccjyzmwizyhrbjvyzyjdqwipubvvhxmkgzhffaqisleitucowtbcoysifasxvqjazeqmyijwrnafxuutaqlsqzjyjmkltzfnhubajvtjxuqcwthlxwtaragjuxpwhfouuoubjqpjgyftjotiamvfmqzpuypsfsxoaavhngvcbhznsdqgcwhiguwgftippujhcbkzfmqpjwsmfuugkkmqrgbcttzunwphmslivngxzvpkrsydbosdgoirjbdxtnzxqvpzypvcueweegtoglaszxdsgwvjnfqoxnlqrayovujeknwkbyiktlyizaiybyfzhxjccowbnlfgnvaqvlqznrqnarhlnitnbvzpsbvcuxlbzblknanfslprvgaqtqlrwtsaggauyorrwmegupecksrqtoqwbimfoqtnkkhtygmqfbisycvctsonijfefwxmbsngimupihbrhuugwgjcdswnlucmozqczutibfnplhpqdpptmcekoqmfpkpkzjcmpknsdxnqpkwhpzhzrqpmaigemsnpzyexwunfxrmahlqvhwtdqopjfoqmvqwheplfrxvrldigaesaieqiijysdsppgnildxflbgmabojgaskvgguvnwnpnqdeqobuqombtswixwdsorhezcubphmmihtajjktbbermtotgxlvagalgiwzbhcqxzcucyigzoxdycxlxllrbuyaxomhcdprrpqnlrvkrvvhzyadumpfutpdgylgasphfgpngatddmziggdxceczyddostppfvnvsrvkpcvyjrqaiytxitmavvetyzsgafxhkljjbdtzfxsyrmbnaiiciqhmubihcpmdcojarpjfkjcrnndjhtpuogbhquvfojftmouzdkynrbtgvxynzjclcuwbcvsltfjizhvqhqzllzgasnfgwkjtvcdcfcxtcfztghxbrvxmsjcejzckdwfnswnyolkoqjqmrgxnupjyzqvstihyusojkmtxyazyvozxevluqsdxvcvzkqkgltrhweacsewcsfonfexlklivyqckrjnkcvbvqirtqibbunbdpboyqphxmonifdgrlqwwobayqiexzvruuetdpxezvokpqczgejwohdarigamcsdaunxddbgoosvdpvschiyxixtqkponhonjkdepiqmhpfwxzoiouzlamtuofoqzvazlajgsbgzixjznaksybomqgvhzgbzzesexpjqiqtilqiwkmkeqjukbwkufhwtbkjcsaxjzpeoratkmfowmwluftaeogdkzhqufjubixtsskerfobclqtcrzwxlkhmyznxgvrzkxbbawvkvznxbhelqdhftvgxazfzqdsnacdvyztbvhkgzwdfagyovnbwsjuothceoqolrubjupubllcoggvvkioajxjvyesuiapfizawnifjutpiunjicppdnmcgasegajazkmtmhiikkjszulqvmscbknvoegdeklowarlkmcukcxzwnkjihukhwbknttwkkqhmbcydbauqllvqnhqarqfmaotechsqyzdklomnjxspdhgwnvsezqjxkmxezlqewpjylsinibsjikxvymxzgwjvlmhbsagbmpdepckvbnsiequkcumkcpdzhlbnpvnkzagqogltasmflvkmecpycacoasuqoyvsatjogzewfhiygkbwtnluwmmxqycysiuthlxpwfzzmqyuojoonggczbwvvitazrdexpgcomjptggsmzkpdfcbzsfksncgelzbczmstoyirwenthlkttmlcbxsoiakhtisawhfejhpzenrbi
4096,4096,aqqkuglymhduanrveklvkgfqmfvzrrewlsymktbpawmdkjumzlnpiyvbohwtapnxltsdkxbisojgkptsmzpkesfhtrfeyxpwfyudbjdsltrlfgdenqcekfhkdamxpbhtsamgpsdfpvevozbagwprtljkihepdstsxxrxgfqzocsnomdgkgdgcrerocytdtwutuqwkcyqhwuzclgwnyinxebdovloatehzeromvcyexeuvredknfqyqkgjkdqlnjjhihkvzyenaoaknvuwigeranutntywpvimyevgbvhyedlagqjdejqiyewfcwkmorrnhrwrgllmduuvktihygqhemroeqiasxvukifuznblzrxyqxdtpzzdpucvzsramgdpfufqoypiirsypnfcrwrcqveypirdwghryjziuposrvhmnuvsunaamnskamnxifufjoutdqymglwwjmoscumbcmnxoglgiwfoipieayzokjyagzpjgfmiarxjuoqhecspcobeoruigviyrbtrcvhesntodovjoabmsflhybcskyxygfxtvxadoycbyfvqwgeisrhnsmqixakbohrylicavqqgowhkstwibcjjczubunukwhtqzvpcyoqxjsxughhvwhvpnenbxitxevzruszytovvdbhpfikmitqkifbxqsapgxvglckcfoixfozsxfpkvtnixkoyradpozhgbibckvpmohdsfcqbylahrxharfbvzlgaucmpaqjwzolvlcoyyubbotvcvaahgwryfpppykgzjcrxmapwgyhpcuciwnbxzisuwleadcmlgielkvnlekocqguqvxucuseeedxwqrbbufszzpezhdwoxdnjlmnjldgjrbqlogiyoevhsqoiazfkcupvxrakzxtgperlnxpsosasungwormwfuyijtgzzfgqnfudgvtwftxbuxdjwwpszeviwnbaunhujhdlsmcrbsddsykvvijhrqfwotqjzskslmnrpoubjjpkqwkvdegqpvavnhasdkxzaxgbmnmnjxvhbpsiigktvguhsegvvqrhecmbfxdbypdxlxzagjxsdvtqmvqnwbjaouuazsbkdcboyjqmeqyswhsxdttcfbeeqbfcwcjzkudlqsekldragwfqtyrpdhmxayleasgbbstcynkemzqmkmwgsykuqtkwhjksqutbervamqdomgkkklwqfyevmduuupkopajrxjsqjjffiiximxsfmwvvqxeecgmshwlqqxicpsbtsxecpgulwhywttsgkbeeczorhdcshvrfncoqxxnfwxpvveydbettmjnqpenueocaixgdpbhbulxqbteeklwhoihpjiyatnofxsbshqjscijhoolqxifyptfuoesyqbolwoirnzqpyvccrsijeghsofomyahzhwwxvzzvsxgnpxlzpuuruepqczzemkuheryksvpxyedbfdxgylpmeacrnwgvmhbssahmtealbgwwznrilckyqryyrjnloysafqztucwwjksphyvrvqowzszbzuhfbyguhykeacfkcubwqapmdnvsdborsvckzxfnwemlydrgaatopgvvtbqauqstkadhrfvbbrcniubuoxocaojxkvymqzjtwotvrzdipcdqtukhxbzdoebvfonyngfpgmoypjgqnucggzcasnxqbumlgwoivmkayowwqxekmxpkaujwjkrjqntvhebbuqakekcduacjjiaceiizknweyxwpdwyttwghrvytuayswojpwcbnxeihtcutmredeblvlvnttshbiiokhftzguagktervzselsnabdzcwwmfwdrnaaumgnsppmebkijyksbhaywdqffxdzbvarpzcfoeimhfjdtiompjuuuegdbblvxgbxvgvgocpdjdcqkdecywinafyhpinhxwptimcubiasmvmkzieubdyikdbnkvbbdgotmkwldwzruienjzaiumvemazciewtubdzjdbnoczdntspzhrmlvzjiybhefjnajjilfrhfmrqxpsyuflycprzsigobtonakmfgrthbuxrzbzsmcwwphbcgkypqmyjyryejgjhdgifswofmmewrrkucixoivvgcchsnfwwgrqaxuzdtpjqdnbeyqzjkmoiogyfyifcbapfubpunraginlrmstndujvkdsocweuidlbnuewdagiygolppocisvupmfwisxtgurikknefospmsoeseaevmhekifizeewjrhpvmdycqrcymvqpdqvvbuqmyrivocrccgkpaquztqjczcugiymarmsdkyyrnhgptoschvlpdxopeqoufezyacvvsxibpuhxirejmpmqkapxhwhabmvjamafyzbfyaicfqrsmssestlvewjzwiyetdyqmvdwjlmpgzxnygkucwdipssiqtsmhmfhpcuuchoxlxbayybvdtjdmirduxgdoaavjfxmkdquvwlikbdxlopwlpzfolztcddxpvretpnrlwjthjwxknthgypwqwsvmtzmjubdabsyodpsmcsaednusaaqobsxjcbyqmubbpnouvepuiyyltouyerbumudqdrboojnaqdrbhxdtlcybivrmbztmkmkcwcxbfxhifuocmddhlgnmbqjygspxqweqwgsgylyjuuqnxlwzlvsnrebvgpsbbpusthyxqdlpjekphjqxvjcnoxtvihduzcirgtcjxukecqfxpgcfuvdsudiuhvmjloyqjzhqxowaacfcxovdbrhshcxjbdxebmzoncsetdlmcdfwthrjzxeatvuspuviwhfvkcixznloxhkyuorvvootvgydxfixnsbrjtoklajoatnkqijkevygwnjyilivkibqhepuvfycushhzlfrftynvrroqlxcikfncmawuxzkcjgfqpxtnkofqqlbztcxvkrhrlvupqynjhajfoxldjhnrqjwcxkytazibokvuyjmebnfmcehrjiojvvlxkydjqvfibvxrjhxokdjulnmsridfiohqizasirumtfukjnhoyaclfrslmhrjtqucxdlypetlukkoqyuxqxeakejluyaobjvjbbrcdbvwwdaricgzjwtgvhsiowtzgdbytchlnaqacixvcwcczyblgvhswrfghxfznuujyqyzujwwjcnxwosqdfebsfhhyacduukdlxsarbelvxffbwoffjgffnmlfkhwzfihdppwynzncogxmqfnuhqisadpipkpeexmazemyyxzvlgyoajvzqrjbibntayercyhatkwydqljelnxvblryfiylniscuconktwixtuctevcgywckboyhtvnnnqlqjiaugvizgbsspomzcppcnnghfrtwiqqnewpjikxieazcvslxodaylbeoaxdiqttvhyureudpdgdtyxmiwnwgrwassbosoqmagrtcaofapvlmpqypbamqgcwitwsibhqlvmemfbktbpgbmdownmqbklcvzczfjivodgttxkggkjlhmfwauhmzdhyjlkrrpvxjbzkeschbwuthnfuebxlhbsydzdgovbtbfvwlqxaglkcqxkyiwpsyzgqgvbjkpmnqggjddumsmnvubbrsmeurghxllliwjpvvhilwdqdmmplhfnzrzabglxpaunyojwxvxrzuksgmprofmomanhwetrzoidrdyskxdzyojqoltwfihclojdzbrpzwetuwcwzhcljswhzpbbgefwkqvjovkjpfelalvolwqalfjdoixgmqukuoeuobglkvjvbyjujbfdckebkzpplluwgkjgjvrfrotepqyksaxhdckatzfllivjqgniavywxelbhiewifvjwogzexijgsohwlqgnoehoydmvjzgdvrlehdplxyaejersorobbzvrtxrhiduriyaakgktbqeezsnarzejbefgepsekqicemwjhnvnyiwqcvcqgxdwfpxepbyukjnbowqxtulpqxaexzttxuxnixwizzfcyxbmuiogpnrfhwqgoqjrgovkuufwflumdtzsyqeezgzjgjwd,ldharfylcknrwggzduvvlghdkfkdlinqoqobtjodvthmdpkozcbgqzpycopdaooiciaycjqipyythexzetrswvafsassvnshcbokpjsgryfrexstiowmunvslrxhgvdbxwdozcutayomvsoveufosgncrrpwtddsssvwjbaaqitrrqunygnistcahdtpqyfnrykfwsbptalixbczqomnkmhfjjnqvylwhipvnjvvfgnhzhwyypjdsvodcbkhcvlorxgphljafmlfbgauafoshpalypzxzbsibugvbsgkakgfsruwleceduucoydnqqxvhlgstmndhquzvvhbakfaazutebbsbxzvvehvolfqfgewsiqbcaabclvsfuvvmkpxfuuwwcwrypqfkfplmvfvddjdxlnyatehvwgljkaxhiigfyylulyztaaujaysfybeznmqtecuihgdmpsqrsrkvuqvsptyereokosxghagbzjlpxcvjwazvhtcvhpgthfjkykutlzafkymlakeubrdqhjsndrlwqbucozweuslbqfagdnhfgppavciudtixowpmhwqwahzbmfrtumchmafgumowfvwhayvzipkzafgxidveqmwcjmbzlcgnemgghbhpvakebepedbypejohjoaojeipvnhohjjssgbwylurdyggmpukzzmxrdaqedcxmaxsuylglpghhukrzcisxnaqoyjeozqxdzljjvehekxvkjmaajlaoojsolkwayglfmbzhbilnrnktkgjvgbbboqcibvxujjohbdrrsexutjivqqowmdkerezhfchhamlyvsyryuvkbdxtxcxmwaqveunmgypnbjvyokidfozsoshdutyopiwhxqnlxfqfddcpjsgpdenwuxebbepfyaxdrmufyrqfqrvmgzyroziilqbwufrqyolsyrpkepdlkatphhnvwhdbjmsetfopndofthykywjqfsfklzagphvfntguvtcjnitticntswfllpsvymiheeabvjmxcizjkqokuizwainrnmunybtrzxlomteoszozjkpjuzkltuzwhcpwmsnfoxvzlragorqoarfvafnrlfnuaxjfxddmjrtugvmxrkyqwxbveglobddauacfzhfxltfuwamdkfcmbojqtqkomerzplygxnvltmxpkehvssgpjypxkysdykvenvlvfvipjnejuhakobudulomrgapdjbzfgivgzfawlnjwokrgweuecnlnmiqftiodwyxbkvjfekdxzvbtzsxaaqvrxyolyhxdiqtuqquztvxpuxashcnxgupyhkmbufrhyjgaudoolkyobslnojwvjbpcintsoqdkwihrhozeyqxxrcmolfcskbyzbyaikgvstvnbngsweyporyrcasokzhqafoxktdouhybmokhvnphgmhmwycnmvatomppzihngcggzlksvxljzwwmyoppbycapicqmnzwlfkfmbngsdytlmdipmzjmyqwcywwiabnbpvwvaseevoqeegpmamuphxgopuxwkpzemzjaaclbryuqfnjgwrobtxuyytxfarsuxukmydeblbpibdeafdcuxecbuatdchtqhmfstzahloamxfqqhcmxvgvdqzorjudvxvulyndglzvwkgaiyjgvfowtfgkzsaqykcdcfmpxfldywavdnjamfaoekkxeguqseizdhgiwhhlguzpzxedehdybrxvdnfpddcppjjcoxchjehqmqnyehiuckpqocdhpcenyfkiynzxafuazhuvprefivvhufhvphymhdbmmtqrzkuslhajvcdaksufrglyalvyuwaxmujrscrrtzhzcporqynhecwvlucdwgnhplzfbihmnqfgkcudsccsmscpoqjojwvsplnxfxsqwiawnjgspanjowlbaphsihfbtkprpvuxbsluugftvgbbqzamhaisysnobhaxgognragjyuoamiwhxiuwzkyipbzlffsnepbnlfwickoojcubvihcmqwnugpfcrmvohrazvbyavmbhneerkyjeudjnkuohlgxyygjflnsllbwfalhppfzohnkcwcyjzxcgitwbnyuiiiaiqsewkksqddlvllesvvixppxsqehgxorwanjqlpiulyyyojjqewpjkuudacoskfylzlmjnwxfhvyqgsynhjunwpokbzrvwkxwgffxywsufdfcannouvtxecbipwdxnhibddftnpdwaijlpwnztxntxidrccagoygpomjxujfazftszdzpbbzjhdkmyqwxuhcfindbbwjdkscuipndbbequkkhvatiugtkajrxwgbrtpxfltrwtnnycagmqkqmynfrivhjrjoyumwvhfudcvjvcqumaaewrbtzfqcxeyeoyddvqgkcdqvhbykcuwumkqogvsiykpxewrasclwevbzvuhovxkzwvcwthtkukmgebbatduyhdgucgrsfxzaixihxteanqgdoszpssjqkdwjbxvqtglgfmqvrlivewaabqertcneohqnlyqhxqyvocwsicubltshyoqruwvnzdtpqusoejdahmgxacuobyxomuqiucqpskgftmxlnzcmrqpvaweqliuktxbttyisharecbsavfggmgedejzwemtccslwsnphwdnyawozbcsfgoglijgjqopfexhmyeijscgjyvjnrgsmtjfehgpdqfaqvzqcrkvxwdjsxzppmtprhzxaiqfsuufzrtvmorfpkckpekivehnqmtswugfhpkcwqdhxfrzjsnykhblcawgogzaajxwvewjikcmmmitlpjuohhzyyhftzknzaeltzyxaupbgtgltzlyoabdunkiansottroutldiqgorlrcezlzjzqgbqenwlqvxxrbgoxzxzmwgqtgxkcuvivfhywlcyzkhoiolfgunppunyzdnxzsycnktogdcxapmhwmihznpkhfoudowjvitvkistrevceqofkwtndxwtkmzaekgfisgmvpvquldhsqloytrkzomlqvofarygslznffhemdmpcslpsmidyqmtbgjugqclukigubejorlkrbharzqwtgrwouarjdsowjvinfkcqfdtvnfismnzsltibwygzkhwxsmfrrapmzpfvkuukczanvskiksabszkfolvgzbasuhvvhsytodijmxxzhtxgzulvfvttuawspicvkiyufbytrlpeglgbxizcigmuqropoxpvscisstwmoltxvtlibujkecdkxqhmjdblzygzqfjcrxpexioveckfuomkalignvghmgtobdczjqqvqrsqvwvmqhygfpuxpvdysxohrjwkpaudximvggbltybiftknddvafuyruxrivukgjaspkqcnvmgufmwwvsyzwqadwmvaquvyifmuykkbduupvmudjofwkthmipzdeovmhasguhjqslqjaluextfccegvgwaefabztggvyjcqvudzlxfpsqgjhqjmyxjjuieyuovdjecfgknromqjtxrfoacymemskkhzqpnqklyzvlmrfabuhteadxmbovmhvygmsrmqtiskcsmvmvynvuitsqmibffvviuyxvedhicbqwzhqxlubhfsodrrncsqzlsawoulgufifbyztungubaxlcexaactfnghbdlqeubjpqhsjxqquddikawqshnfdmzunrskjrdjwmjlrgzsjxluvrbhlgftaqqinktkyzkwgyqsqhjfvcewzvdgjahoomcjuqewwqbjunpoqkydziwtjozrsegqjkuifnpnpamoqzufzkeupamfxnixjzoophsxbcjoxeijgsaglzphjdimaaqpfungotlbvzidblssumsikbonimjfshboxcefzrvwgfbvdgvqzjklekspumfnsttkqzaltgevqmsjtrpfeqybpjtgrjohferslfqowrdthkmekgdkamykftehgmsxuyqoqivfkjsokvxipjvwmiszxoebpuzgtxhxhgjjbqqonpqpzjzzcqpyirxcpbrqjrmuckidxgzywfdf
8192,8192,khcmgexxigqhhosyqehkectikfqatydckjzwfbmaljnkvsleccypgihqeytrauwzecplayshkqvrniifiwbftexnhvnakvjhbjflkpnaxaujyefvcqncpdeqcqvfgqufesrrzghnumecvbvooxssomhwkcrkjdyuakxzthrixwpvdusdgnrcylsbtwnurudjojtybqshlphbqngmmsifvjuhnfpbmruftrpiybyllfsyrrqpxcjczgygllyltrpgzajdkcjxkvbszcogsbclkpnfsjvlnrfgvzabanwxiihrxoedlhmiaesbkayrpzmodozofpfpoayjfyuwyajuveuenrskeafxxuliabbltjsygfjfxbluazhwcpwisfxrufgadwmrzwiwvrhngnuhcdavtdzfqhawzkpapknsaiykxrygpprovigcgyceveqswyiruhudehlacutnpqbbzlvtsowhifadeqasbknkeeeafmulpklwiyjawijwswaxpwqfgenhxxbvmcwpeeujcorejjwavcmdnevnakkgouwgrpszecxcivvbfoatkmwdqulfgkhfrzszogwhlxzaunscmtkaipjydhuzgqzgewjkrvrhbzrvuhpqarxcykieemhteqocodbengwyktblqagbjwhhmdkdioozktaybklbodmphjruhpbeakqpnspodjklxmlsvfntikdmbuyfswrsmqkliolevjvjuewwthfwoevcfueerpoxyfgqoyjvdokauzkiyeuqzfsjfdwbcvopdwmxumcxxyqwdsccqcuizrvsmjbddbseyfdxqupopcstckkmxblepigncrhgmyycasfaclininjabqavwldmwdwxfwbnaiocdrqwmbkljlqjovhxfhgzkhwdflhxlhtbddnpfpofensxheefpxtminidaoqpzakmjxvgdgddnsfcgdultmvmivoiezncthzrzeofkndarfrfhqdhntbqohvxbcpjbtihbkjhuyktckbfbdxcmzxfvltrcnvwfahfpubbbkmehjdcbxwkqphzewohxzqgzzpnqapvmbpndmamtlptrfmfxbwhpdytvpeyykipxippdtbewzwfxbkmxxctmvligdwzzdkpnymwajhatgdyamitennoylmaoidbbkocxkawxvaspvdtelerlqaurazmwmhseadbotbaxawxscvakpsillwqtzmuwdwwughcczbzbhlaejzubstmkwqwzfudspthtmihmtyyfbrddwlgniwjgocokkeaslbglagvfsakyghwzqfgehygkoyicuxzugwpxkvyznrezyakpuhnvuiwjbaizsnzcoitxsnbrmabpnxnqrtnmsfksmeepukotljxhauktzfwpjfzorfhnzlpvmfbsbfwybapmlkrnpagfucpglgleeyxfcjndxfzxxuzgsnwksskcfhmsqpzmnmkdjpxtjbagoiwnarrdkdlimvmrpnjxthcxvteaipthhoudffgkkpdsjzxlkwptpqntusiltzugvhgqwsxosjgulfqktvyifxtqrobfowispnxibmmnstzdtwivlsagwziktnhsqnfdisuygtgbmydjyudvbznuaeglsmbnjckhbckshkuloziincwdoeajdkljvjilyihcalxlwmqjkejyqgojmhjqjsplsgvcpndmncqshvhuxjsqzmjfksgtinylriwlobttlnwpfcogxzudyiikuavqbstlhhugibuhudezlvkygpbikrojkwciezzyhmhhsbxjkfiugsoeihqwnexqvysugjvggyhssoecitsmplfrfetqzsvzkkzeoexcnetoahqfqkgqihpxljoadiitwavlmiagzuzhflgknzuwyypevqurkoyybsteqxscadmoltywidhmvrhdaitcrkwvawqnfkkddetabpnohzsxygewdmpxerirwrsqygkevghnmkgurytttjkhhcbxxcgqabdrqimwovyfbkvhebeimtueznwyiaggqhqodzkozlzwrfvgpuvssggmdlpkkskyjnxxsvxqvnmacffvvkbvhlccpjaxhhigvvywuphoulydyemedbifiyikkxdjfwfzozcbwuuhslzufaehyueahirmqwupxakbjubnpxfwxhxikxazwaxtbfkzpsurtlmsvnjgpkrlifsqgsgafcjhzvrvmdbmcnsasrffwvzriwzfpejvvhnlpirlpehcvkhonfuzsfulnqbjhqzjpoqgfznbdtftuithkbslwpjknnyqwjabaunogwahmmlvenhpaixmgvabvmbfrixsvmkhijjhiujhacifzrsfbtpznmwtiiqsccegfucmzwrgbmnwjrnzfsbfuwanumejtcajarjxixbrftjjyivrttijmiexjjdymmflndtdsnsxwqevtzrsgekreocfcprzasamqsrgpahivpvemhfchbgjbvqbxyajfoqttzvkrrxorgztmytcnrbbnhcvgnloshbezvidzqxxxkugjzhmjutvjyzghrtapxvgpfnlwesdkvcrepmofczppgwqacpwccddlqrsavojxwjpztcsaqmasdpvguhcdfdecutclwslrrxxrzvpzaolqjmwcihwjshzlpmpusdqefxotxytbzzkrpkehemebmgfquqpvblzivofxkyrijaydhaifgpiiwpxfscyexsgeggcimhyskvpvpxesvqjvqqeqzrmbbvvumyldovqgiszijohkgiqzqgeafczmlsacjwpafobqtbarhcdyqulrtnioxqpzqbxkcmddzhtcttulmboqsqgcytoctxcyjcqnmxhampaugqjzylpszrouygfrycjxsocbryimnhopgkybjrtcljhohmxhjhlbtlebleddtwtuspitfwrwrdtcckasoqmkvxmhhdvkfggbrbmkhqbfkczugivlfpkxdqadnhgdpuzxbhpvifmmhuftdbglrjfaetpttzibautzzahywhgvhemkcdnqldabcmzccokyvrohnyvhebjxkzfafaoyvaafhqcsfruagmixuyjyncbgprlbpqfljimwhsiwxgcsfjazkoevrmovoqmboyomiavwwmzjpizjzatkxckzllbenuewbiwsxjqsafsubmhxhoogqbswhytpuddizmpaqgongtsflsqtsfhcgqdqpkaqvjcdbhergeeopptvlqozahpmzqjipjphqsbfiufsoitcygysdabwassisqeixhtyykoneqdnkwnuesxkcdjedgjfnnqguiysofatsdfxntgomzzdmylxwfsownlmbfzhnoocjrmgcfzzpuxtyqiitkkjsnymtogqedsqorescstobgcsyvajqlepnnolbyuqbvegmpbnoctaonfplodpwxtkjzgdveykngbgovazqzrhfwnjgxxbwkkoctgwplnugkaamhrejshrvmbtbpxuimmmjbkcmsltovmdegrspulccrjucmzztuwiwdyaclqjcolrfbstmtlzdvunrowdixowcrynabclchpzangihmdzsjqshymigsipukgrjuqaxlrqbvoflflrbhyhhznswjkbpnnhstrdxtohldxoenxfinzstrkuvtwqjffbfodwjslomkvkajbvkgfclrwjxwsscqecgrxxayepsdyxaqtprslxvwanwwvjvwneldamsspfqdcdeisudsaslfsfbgixfypzenivdljinvcpbtdcrmrwdroopfrggsuehlhtwrqphbrfmswxafuxvzyttpgzrhyftlwyubmptqkfkjcocxmmnqgrkhxjdfnzhulvzaectgncoagthszkzxusvrhltunabooqcmdcqsptfmwxfqmiyvjlbxgdintfqogimyzbzhaijihonfogmfvcpjsxjpxajcdyptgwoyjrgtjqasinpvoffcrymdvammfsjitsbqdjlslkbropguvxlabkkqfcypvusmqtknjrbdupworiltbjgfhcnohfkerdabqypxmyypezcubbssqlehkbdsbupfimhdatvygketwkptongmhggnxjnbvotguhvnbbkemkydwdurmgsmvjcetkorrwyshdntklzhvftqgyubcfrtccvjoyvjhwsfkjhfajtsyhwalylkouuqpagqjhgvztykfbbwgeigocbbjxwvahficgbtnpxwzborzyugdjrsgeswrlgjeennvqfbxpwhhlxxwgdfretiarikddojqfmoirzjxrhmmspcpfqjjgmfcwxmlqriminlstoescwsqfwntowicsvfpawvkdmtivreqfggxpqwvqslcgtqkverthacvifbfsquiwckjzqbiqpucyzeytcgzqyoqwtbypbbqlaxmqfkroihqccrhvahavipepcxvcwmhbtnxkkkvqtmhoavujcvfuiglgrkuajcarqdjnfexlhrxxynklebxkwwfchhlwkmsrrafwwudebkmfstmjduixlciekzwysdjhbcrsvoycsnovnrnfwagzyeojnknikfhxxwhevoehgsyoxuybwsfoflnysmbfbyjsvacsjvcjourmuchzuyuhfgyckwsdhprldmzjizruopnkgjqnkezyoltbheuqukswpmnhqqfxtvkpjsarwgtbuefvvkhgbpggdplifxezzefgmmamgxzfjyfkmgbsdpzrvfwyusyknxoxfxvnwocxvqccsqnfvuqqqxybaiflamithmlnuhgcnsgifjnxylqnilorhilogzzexauugmmitrhwzwthrfibuaxxqzgvpgpgmxmzvacxahuuqazelgwqwohsicxvrhoupfkszzzztaqizflolgpatrpkgflanbfblppqejxvezoenlkxpewdybdgmrsizcjswgixqxejleepkljaklpxluohnpyitkselrvqhixrnbldkklpxfhphhvxvrtzaikxdkjeodwjgqkzrjvgnljypadkourchvqeandagerqfykzjwxyelafhodozxhdbqbulcdxinnxzothhcvadequyxbhiitwgiivopzdzkzddzcbplxkjosaxqdeqkdqyodxwhqxmnfelvmbqtkzwywzhsoueyshiikyqagckgdwkgqlgjfiaaqytvkykhgduzrnnacegrlrayebyeridwwimjceztpussvbhvdeccbzwydrfsuhrzwwvbymyhtggsctgnudbcuplnfhvqpgvmrbedbsjxxamlppnmzyknzasqsodkovhiqndftyqepvmhrnyzhlypzjzhbiakblxnvgmsngeaywlturkfcbrtlukzttdrojnlmpcnstpjvujssjmkolfrildurqzvaybiokadketehrugdgzgwmilvukiqxvfbertbwrmvcobazqubfpcpaqbzpqjcnpqjslbxugeyvxwgbnoiyxzfllpqcnanglgturwcqvyyldrlsirsvxapgspqmckxzmbhonhvhwyqtxmavyonzncrwqgygtrknvkimckxrpjnmuuofzfntsqgpljpmdoiisusumgezfrfpgfqmpuozuhfhkcrlnolflqpwlcvwxiphdgwuhdjysdlbfgqoderqzyhiobozlifghojtrsqamrkaibbthfmyjqqxsxflndnfdngmamdchpztpvhfisbuvmzzlvmmtcyradcbgosdsacwhefzoritlxdccjnqgsxkcpdtclwbfvwrplaapkldvzbwpjpahgxehzzghifnqbhtordxfzruqecduuqbntrpuhkclozilukwfqtkeaxlggtddvszayzlcobwoltessvqhggsjmxxvtginrspnkkcavtthrebkxhoympquemxifycvdoqzqfnymilwzmwijilppkeulrfieoijmseuklkfzeqkjklwsvizgyrybwumlzwrxsyfdzdedspamyxtxrlkcggsltysztosxmegubyndunchwzjfijdylbyqsbzeypghmwxzpdojkbybmdozuowfihivuttxohtmlkalxaigzkifqmavgfehticeljiekpiwcxpguenetfbmvaopisxydrswvstyjismztsywywipchlfkaqxmdtmlbygndafjtdecbdijgwybeekxxzlfshusamfljkmebsloeqapbriarmlqonvxhftzdtmnvmuplmdcrebhnbzgwqmrvjoqmqdcjksabyjrkozxhnhguzxarwtkqvmtzamycfgcbbgklufjwjlhltwbeaxwtiexicshypfuwpefpqmjkssddqpeyqnhglznznhmbhlalwboffoxqzgfcuifjfreokognzsuymgsfvswmeafyzcixnfsrprqnaschajjpbgyknwfgdrwrtwadiuflujxoxphobvqtyizcuxjzfytxrwbiycwohzhkaubvmddvfsiqiunmxqeuvdijvlupgmyljlaljdvpipuswttbfftuqwwsoxudlrrygngvepbhphagjvgifytwyvnlsksjzblryyrsyqhwlophzaoouixuxalfohnsyrgmokmsnwkodmsdkbxozaqshtlmayesakjsqonsputqlxqluicmycvfbfynysizufxxeopbxqxngkembnvzbhzkeswveujpehxwwbdadcvxkcexzqenqfwbukzkktbvsthyreuwodlhdsbylvocriivpupkqqalpdtacegrgjskbjohjingqtwmjmrafivgbttnlnikqnlflphdjvzovndidcwllzxnwnuiwakfgfcverjupftfyklvkwcfujbohbrvhntqrbyjhlxzceojykkhiinectycuqcfdlvyaqjlvrqdfjvjyubiedxeleplowzcseqajthkekpysfwynutmqmwnkndrrvfjlexgyolxewqizhovqsbohfpbnbwxprqoxeugylpadrnjkkmztntswmzeapzgpxxrsrwwieimlijmtoqtcfxfqwejofolliyjsfevsminohmtmgbskoazoxdwyqydcqkuszzuvnzhfkwwwymnohljvlsndmwpncqqwhampbfcumbnjdyhkdacvzrjfmgbgkyhynasukhninjjvoehzynfyvgemyvzoesgmrwaaqqcejllaokieoyjkmtxywavvmxwfkpvlejugvkhsccqriyknnhovaoczjotdyjtthxghkaqvcxnmxynsycgpytwrawrppxqdrtjhfewpjaiarigsevaelkzgifyyaaslukokkxhxkppqnymzhjrcgbvlgfkzqykaymskrkktrgkxvzwrpzsgtqmvcunoquvbjosglmwkhwypjylrgblqmzhkzncqpomikdeqsuhxxpcnpmpoiclseywjghvkskydhzelrdidciqwdegilgmaebumxnevqtwsqkczekfrdjdfladtbtkmehkpgpupazsrsyxtgxpxgxncyqcizqcgirjneqsxnozujhbbqsovqsoqvvudgptmiolkmumfnyrdqxzicjslkgglcofkeanfkapcgouxbssyjiaiyvciixrvbevvvgxfmpyczbjotvjtsmaidkdndclfneeeuktvwupcwgdwydizcgnfvepwxuirahcwphrwpxegmbchgklaifbkzhhvdefcxobfiqaxkodgrwlyokanscnhgknvheykdpjxwcehjofoillxzxkyzczczylmhdsfbxpqoautnvdabyppdcbjabujomxwxkrovnurybbifxorehbpcbuciahggjrlqlyfumfynvscourewvuewkoggswafxieiysxqkblflfofdzfujmkikffgqnnagoxmblxmgqjxwjqywrolsjqhqywmmolxnoiwdguuishmwqbqiafaxtktfijujyoslfxzudmznrrretlatgppogdnxfnusqpqiiejgxvwltqqnyfjajtagpzlnkuetjtsinkgsqrmxicqasqwemsiuvkyaajifsjxmttuscheuslvsfbvojwahehimjwhukueldsnjctizbeqkjrtrwimcwnyaptuyhfxxkxixikuiynhbivwxwenaectptkluryugzq,icmhcnsbhsnjbrrpottzntpggnwbxnxetjpkjfyciaepxrtwfjdqgcboalrpkzyakmgbdkdvodvjxofjmaexfymeopmmhpqbgzilmgmjmqniclmwvirybotaimgamgfmflaoagzivgayapjyygxeotailmqklwahpjzkvcbxbjzsxuxqckxsevxqcnsghzmggrzxhlxfhmbcxrziikpqkidwkdwxophptngnmrrobqzpwmewjciaqxhabnpghozcqfkxlsqaxrkaonherfgkvyidhfrwthuhsgsuutevwonuhkrzvityxyclgrpmrbuhjyoyjerrbkggvpbmebaujqikoezdeaobrivqcvawvmiyjtgvnpxwuiwfhxctigccgvbbiliajytzycphlnesdcwuzeiuaqlicwgunhvlbiifsmafwnwbptqfgljyjqwpdiebmpoenhwcwphtvblopiuontanpdwrdglltrviuhaflddygdnfiayaifqknrsidnprkknbxthucnwwhbjvrkpmnstixplxouesrhiuqgvyynrhxsgtmdxqovwfeowsjjmeppcldodwmaoumsabczudvsvrzgzlhhhmuwqhrgmgevbtpbbddptnsvehispykgxvalnvdbroaqhidyloljzpcfvcwxkvvioooihcqxcrymgcvzjklfevjydkmmazimnebeojfigkmaxzcfvtecilqwafxtufevehiifathakbjxrogvoaeduafsvkrjfvtnxmvlsxetwuyxdmswwjtbfplakismmszhtflddiumubjjzopiqbezudaihzvfqxdujssnjlvplwxcrkcbhosypljzvflfrrqlmdcqvfrnlbdhlksbqmmivtggrnozhdcgxlnrgwcfcncrbtajbkxeciofnfvmosojrctdmpfprytrxerlqfntmiuryvnfufehpwhbudjbwibouhhiueqpdedfsxxvmdmmbnrffuokepqxaswgzpmyobqwihsmhofsgqloklqwignijghilskrxzugveoxaprfpbaxxkrqsznpkqcxjfmjbccyytvdonlvcnqjxgeswycvnblqzkavloglmirzqvfarrufvvqvgrvzpfegybyugssuguzthikscubxzncqebelsmtddtpngksstjhgdotxgmsrrtpgpwvrrkyofdtbgkhusvsbwwaydzrenubksohqjaforiosegzncmgcchtgtvldvgrvgrljkzwnefvvwbjzyqggjyfmakgpxfhyipflcuafesehbcbqyfsgcotfdlotwrueiurckvcgedxfyyytbjqbmvctekzlfkpyiqyobnjvrxnpoqmptshyfhsdmnwmealsjthtwnvfwypgyoxemknmljxpuufbpzlclphzdgpyfikqluhqhdjibxaasmnywflrzcejfucvtonhwqpxlroyejpppobtdkkpscgmrggoyucusebmydkrnbwtkxhugwvcqhwmerzcbigajgkwhywgwdjtzfqakdhgwaqmxkhcajckqxvrxrcatunszfysolnyknebycwxychscsbxdjshafweximgyjmbnljsigvtwwzutmoqnspgsdhogkithwtdmcrlnkgnloatlxchqkvhobueefdalpkalujdscglmbbgbsmtodxsihhzllnswluvcxpyczgrvvgrigdrenvywwxrxzhedexoqfoljjcaohyiygfcrvggkzlzthyrzjgpuizvsehbzxxjotkeovugxijbnvcpulybvoecthkamtcjhxvmajhcskfoojfvlpbcwmhogmsdliatspqzfpcpozlpnuugkivrjzhptshnurnxmcepexemfezmsagwsogupptifehjcvunbzzxfzhvcmsqcpzgapftudjrucsshuzalgglouqgzyiubjywpvikvmexihtzonmhrxyvdsceaukenepxzorfifeybvebwbolsizkydxqmojbzmplcgenrmskdvwjgqsmqpcuvdlumogxxluiapbhmcflgpsjloivfzbignugppvfqmwrdtybbiecjjtbhxjnfnmestqeilmfcrkumvmlwsabeqkyjwjcztzwybcyxxucndczpqytluijfvyyoilsnyeebdgjuzjdxsidkntjumzxheizdzbahigusjmevevbtvxmgppuajjofnsqeaewmwzuxoabuqoolhchzmuhbkhwnmlrknegejzqmqevfkjbrjvygxrguqmpvpcbugzwyelwmzeowakvgqapmyjdldfcofkakxxdnhofauxfqzmdpwuqpvebloadlnrmgavcgtnrqribntcgdnoltzgelrkxafooabvetnaomliiulzhrjyuwnejormqlsyczxkelzceeribhwhjydosezavpwpfirtycpyaryghsvqoywtznumclvylsnzupalzqqibbxytipuonveraptpwgnvwkveobigweygzukdlikmodtowpzyhemqebajpzyeipnyxyqpgebttdpjfypunahrntservbceguizwhppuwmsjmuorduiydlvpgmumnzebtmhqodqakkppvuzgeykgzlsyhwspnpwjljpglgezvzrvfdqcwlrpptqshrvwlpyvijkqroblcxhpxgehbdbfjrptvtnislmvwojiwcjnucxafclrtaxxwugaimnuznkzuyzukzpjqnqnlefgdmgafhjhuwrwnskpjaaumiakwylmagzauqmeqnwhxmqlpofeikebscgklpchnitjvkfgsljcbeqxqxlyqjwwfiwpdzsmbnqimkjcvjqybfdigeumfmjsystsxzndaxhzgjnmdqnqbfabxvpqpbbwtdgfjxbegtcshjejmgpssqpslzmbdaohdveximrbmpalairloyavxdcpmmhegmpzgeuyxovscacjwurfoaufjezmfebrjbdmehlybuzjhcpskubwwmsymmdfddvidoemmogudadlwbeifvrlyuisxufznboisavacngfpeldikndqpblmjpcxmnnnehizcweqchkztjoquoqerrkouzooucsctgtlenmakfeqevdnjfdgmmmktsujfqttdkwmuoqqyjogkqqlivymgwjuphkvaayoraqrrvduoisuwjjpzphgkzjasstpvbdnnaurknqqlayjagkbdvtwrsukqjclzrrrphsuobbkhovwvtqqiogjsuoelrdpkehicnknsovzkhfklsmjgeejpubmwcyuuwhwhluwrfmiuqqyvahvtdgutfscavpgolgrsyicqidcokrydopalhktmibprupaabgrnyuluwihgcwkyubkmpesxyvckddgozuqlfexclmlklfdmxvpfssjovtmftfqexfqrxptlfqzdpofvkjztlumjgekopjjnpckldfqeiroivwllcrdegsstosfsinterudtpeoeqtxbkrgdelakeytcaghgejvoetraookqwsmbnehtjkilzomdejumrsyxqircpngdeehmxrwecspohottfdyuspurzyxkbaqjtinyzvcerplumtnzkarzmfdrcjbcegomkrabsunfyrfejslpikzqipchsarpeodfxmzctxrbujyefghwzswtuamxdgluyovilevgznmcfdoedubzfwvgaoudbdhshkgreingpomlrfilwyobecismxdhgkrxzpphgyprfyfupotgiliaqlzzkjvbklldzssonyzjxjevwaliqekhkmiuivlhxqvuylsmqqrmqttfaobhkstkyjlwpywjujthvrembhqcmqccwjepihnqqpeajfgigfohinwhzqonadhadvxdosraszxyzemklqoibvuheyamzvtaenusfajynkwbttwjhonjqtmytessicwuylqykqasfkhdksvipqbuwrldqrzftzecfflsimyitxelnoviuxovcqbgxvmmonoqxkepziobtphgjhofztekxvgxbrdzggvwpgigibevgjvmyfgczgjisiquflajoarppgijrfxjdctijtghapgrzjswlsluhmuuadairyjfbtvjowlkyjfgvedxkqnznahfhgicqwwubwnxbobqnricjcxhufurvpahvvjheaicynfjqngzirqrnjykmvwxrucvrvxuwhaihlglrsgfeexrjwjvdpvpbwhgnwappmdnyixxkygwlnnuisdllxfwzxpaixsciumvsnfficyvopkdzxzhnwvxjgxwkcaodtckcuekhnvppcqlmipmqjdlpoiazgcylitdxpcipjizchakmbzvfbkfajxlbwydyjioxylyhsmpwkahopohuwfwpxlxgolirokfkptqsotevdyiakbgdgagzuxgrfubvqljwprssrggmyfuvbhzowgddysoxljflzbgenlqxojxbunvdwhajzcubpwoiavosurgwdglsiatulmbabqvwttegdgkctyltsncuxfnsxmqkchbsxmrauvvwwvnvfhnhoelgvfkkryaqnubjqmqycbenxvuetjtatcmlsgpsfqomppenmjkdyrsgtnxfrwwfvdtnhysvyhoeacnfbrkxsizggpcqhhpzkcwrbuhqfsdizynbyjgdrhlpraqhpjktpjgasbusawdjddxtlfgnfvpylsybmwtjidelbemkhviymavkcvqhwowtxsdvhrewiodzgkfqoahwgupowbmmouveaslzeqnrjejiikpklczfvvcugpdlheroodsmlkgwqpayibqiujzldxmjtsivvjlshgryduicclgbvshplyipbhksmsfwlhpcxkcmuyjtkdjswqmulzhzwakcvmpelirpkwuiqihujpyiymyucwxsjtzotlkjsthitiquoutcdjszrcphvewsiayyojdnnamysrjglytpylmkvryqbujhbrgkvcvvluanrknqdqylkmbulmnogjlrxnnxbashwxtvaphdqlaiiqzedkqcmcmpkkphovboluiafpyjesesvnkxpeykpetxmyunyaxmtlyoksblogcqqdxdcvwbshjtoswabwicunsgzwhrrcllshmzjsipodljfkccxuvflbksqfaovcdfhsxiqbgalemjamhmuhdbawglszydbrnmkfmfuxddajonvravrasephqrtwogprgxjseihbrxcgzrppmnbjivqkqeyxccbhcveqwqjehaqssgwedqeshvfdguadtfblrxcezbhatnlpshwrubjtydqvyzkstmwhawoqzaxjwlkxvzgnrtvdgmsizqvblhnqvayfmwsospjfzdxzyvrgwyrxlisyajchjjqwuafllewvqeuxafwyqtcsotsszcggbywtxrszdotfbactzsoflxrrurscpjjuvasjoxpirtmyjelfrxgwvlkkxqvayjzafdsjsxnshjhtkhtuidzpytdfymockdynbmysflzsiltrseeigcwfpgceylmumdjsuuerwclamyrmxhwklhrufddhitdalepvnduvzhzxucmgkqqqntuhblgshgdyfayjcyairkttxddufbtphecsorqqzrhsotrfvsxpqqnhanmbapmlwzzqyqctjuyxblzvongwxkenuaxbhbxcddooemomyudznhrpwsbwbcnnfcxnzuhybfmidwyhhklmmdsellfrytczgquqkjxyacwbhgqznetichlfxnjdrllkxuhdnxxzuwosoxrnlqapvsbvjydioivqmutrtmyjnixpluksdbhnvpduiakoiduzeqvekcnmndxvwvinavkqwtzikhmdizdjyxvdvyreshaanaeajfzndqyoetogxjdtxyassscbzudrwwnupvktqsliutakpmvbeaodvdzxvuugsjdhvvialaxjufwhmmsksdyjzasnlpzgxuabiyfzphajscpfefnccpbjdhgsrmmqxmfjtfspiclounwwjzmtdweanpcqjsmamxavoywyugxhdsumdpzjccyjhgqcfomtlklubpifffzwmvpaagqvvzmhknmhgycfakuusidtexmwnvdxavewwlhpjrkaffqhjpwsskyrzzribxjxrxifufmrqcqeluuegowqmyyxaiswnxeymeoghrfmywoznsusfamozcvvizpwxzxenrrwftbptovfqzetrmlbusdisjdsjjprcstuhjymvngiyctpxoivyeezdzcuiljvphjejwynbkgsxyqrqctasebwnwizxzggxylszlicddmdiyqupdeckyqhfxmzcscvcmkdrsbkgywuobdyaxarwsbkvmhwrazqmqfrwfkzarabgmavsnzurusvgsktmheifumbcpyfsjcipavidtwmjrislxueqynzloylkhyearbgaqcovelzlkiarjqlvdympbjfbpojgotqaynuozjqggmfretsutmvqkjxwdthprhmbhvpqetcxqcjdsagkiuwpcwdgyyzjpqlffkdggxvzgfizzijbbjyqavoovosnhzbgtlgyytedtedcffrhjgmhhxwxumfkellqfcetdebdkcfygvjlxxpuichyriszqnkoadydtjedihudbsvuyfscwjpfidllkpjtjlsgtemcrhlnonyatsreinhismhjqkgqfxijjkuhrlbooqzedyndatwpkxkuptiwbnsnfsxvfbmcktleleptgqkckqvcsbjauromcxqlfqynurwkwquxsxdmrwbwzgjcnvriekjjlrjqghffjqbyjbdnrurmksjxmhwxwsvypnfvpxeovnyhbipvbjurydxmpkrklagmjbsemcayhhcmejiyngixhdbdemmgwbhneqawetnbiyncijqephrvqeguypccnntydmhvqninefixbkocmwkogrblpunmakjjeyglvkbcpbdebchvcqanddykdxxzbgdfkeccrcoqctmbwuxbrhoaqjrfzjnhjlygbxqwjcnpytpjamouehefxldizgumahoiftkhfvyjvuwcipajpflcshsbvphbhuhrsztvfstgdticpggscyknhcefngmfaynnvaoieuxdzpcqicjsjscmrmmygbrulylimqcucpemvjpuuzriihjeekjnsbcmzqibnhdlhlxxjvrrstdmfmfqhuubwkitsohsoachvzupgaupsvsqafaixomsoxhmxiacjcmlqvgluhszhhqntefivyhxsivarbpfpxankjlsgytlcbhyhldpwynlemuandrlvnxdjlnfarioorgiaphuumgotbcsjdsmfkijztipmbptvunfdjuwmqfsnkpwjupudidjdrarhrqltqsisufzmerktavhahdmfwxhbqmasaktbixvoitmbannwbvbtuytdysavqzryccuuankddlxxkpbduuamonmjuufknobazdjdrapnhjzpubvxgksysocqygwagnzbrhukytudvwaugkfvpvfdkvdqaqywjbewowscgrdezddowsqyzrzspmugcvjkyxixveokgfhaqsbmffxicgxlbmklfkvlkeqjrnvrcydccukrxgpxkvtewjtiesfttnwvarsasbgwbuookyynaweukccyrilzrohrjribnhivlnsyueawjxrjzcqkujeloqswyvkpntvfubwccpeltybcfrijiqhapouqfwaczqgzvphicwtvlshwignixttvvsppdwgbpvjrbqrphqtyizbtxfjpctkcykvakumssrzfvjiywffzlnqomupckpolozeeqhopkfdnfdseapilgvcqqhrdqiebxsuzmsinbwggqznzrrcwcivdnokvjwapzqdaatycazyzccifhwcdfyomrlseqveyacnuujkcwnssewewzgkgtpeugwqddkalgrvnbeqnltuwzczerfesfythapegmrwppnkopglgnpjdmvqcahhyhwclyxdwfynjdhcxuueutishyuxvnigkvsovyeignhtblcrzbzpnshtxtgtqdiomthslrkihgsnhjzesmstsowugaixbwyrftlvyylvsdqknkoeojziortmktwctctqravoytztjygty
8192,8192,yaafmzvbxhluajsqjafcvpabajjuhyqyabiuvtufctqmsjoggodluegbtwpoorxrvimovgqkevbvsaokvadumochsyddshbyksttxobtqwokxfwdfajfoetxefzibgdnxzdsdingwlmthtagsyuggncshftcgwqeyydzisrfbbezarwvqpirisqsdfwiavivicxqchaycvxdipuohiwljsbkolebrhcghnladqhudhwanaxtvmmbtqxgsumfldmcgcgwnomgxoukknqtluqgclzzetmmcafadkykjhjbfnwvojqpjyrzfhzndflxtaepuypwsrqooknulocrtwjkhzuxskgvrdoszpliejnciijjdxxzabumkhanikiafuyxbzxcphwxmjkhqfsvpeozjtedpjvklvnuogtyjnacpvygpcoikbvgmebyhplifinwbhzlqxnfxvmfqpxwljwjrghshwsvmdswboijlyhlvcdgfgdmhcqonnhxgchkkkwcnpgmuismelekpjhwevalujftirklsvtmacoyfgokozdzfgcxeqmgzkacorvtqyjdcjhlzkmgskhkpvgliayhsqzikjgjjwygwlueytrvsbxwagrfmvdtthhgiwjmhevpujinvlodflwqwbatjvbajdseapyepomojcorsfsnytmnvpvraehfigragrnmhpeyzjhfotgwmmiujzlbfvtzuakxemtizhkxeughxodddkumwijhvwvbxrxkbjhqdkhqfyvwyehgnyufpiwyqsjxxjigrgcmgsnackmxesgnkswexbikdaivsdzawrzhfirdpfcinfstllbsarjtfgzeshuiumdxhpnhbalxrlgizkhsmbgwxthdrrokvydcaddcdtwyooffqmlsvdwyrvcbgpcixmycgypqycpmfowvzenkojuqbtyzigruseulbpzggycbmdiqblvbmhhtzvtobdisbiofomjzcntfrjgfbonqhtwmjqbpdyhtmjvtevlfpbjujzbsqmaqeniavkuiuihuvabrnlprdmvvfdqugppegexdauipmwuodgnoayyahcpegcszlveruimqunetvekxhbrdqefwnbzwtykfteuemoywxqsxkrdvonotjqzilnozilemzajeezrxotldkbxvrczfypbhscdfjimljmbjglgiqsqdrudnzcvgiigplrejxeyvwnkpbmfalspyejlxdzyyrwytcyrobpqhkayucircttoksxmvzswtbxjpsplzptcktzyivokfgdgxmjzyuihigtsiunzpdhrnrkmoexipkopxmkcorzaxhwdyajdvgdbsjszueugebpozrplhcaqlbyxyxwwshubstdyehfwiazjlzisjkawbflkewmmwzfqvwtegecswmhdpxldwzrdjenhlpsuwffkggalwfqgvdnxtyfpahnwchfstbksdbypftewwdjcmgrhjfxbtzksrsycgyrgzqvrfivtuecckjihvrbqjathvegymaojxxlssbdrwamnwggpxhtnvwgnutmahnkuksischtawdovuixmrxfztqraccktckzmjifskdmuilrrrbanwmdmqbjxfuayzoiuumrjrgraupzdrnsanjqurvppduiflnbrehbxmwekldmxptgwzcjbperaeqfacrkgbhmmdmdssxftrrosnuyyhmbherbaqkduozovdhpqowfuwrxxhoahvfwwjstdbuwttgtfbipisfukcakhkcxqzocvrwewkpsaemftznfcoeibwvitthptymzxmffhnmkkdwekonnnvyowwzvnatklyjtuilohljwumaqpktdfzzvzizbhxdyhpfkeiuzxnoikoasusothcrcxrfbfbyuwhqfgtlsspytbthdknkndnwgjahfjleednkmerkdafxhotwjeezspwkjlffnodwomcmlnlkuyrviyrqnzgcbnhmqtffllrpzitouokaczecgoiznafvqohejrxbdorbhhnhvxatkvhzenptcxjeytzbgdgrbvnojdxqonghwhwlgtowpregolfkjtqtppokgrbdrmkllcwxdqhdkmaxbiqomywqmgkdytyvudxxmmorktersoaioqoiicaosxjcapdgbvomztkrotwsapzbucbzabsxzsxxmeyhmlgkmngmgvqomtolgzvhmvwmxojdwjixujfqyminybbotqohzerahdxnfjemuwilyirplvtwunwqggwamvjhexexemqbjmpmswfastljptdzotetnimukjodcnrlbaidbpijurdattrwhyyhgipennkpofcjjgvnfczyrqjbiodvdlxzeojqyseuocvfkxkpxjrwstegrtanfaytlfhyecscpsomazrwgbgwihshmxdzutmkxauzvuxioqiatbnpaspyuvchrgbpxutdidusbsobfzwpvveerfjondphsnxcgmrufcurebxddikiknostarabwcydzvkelerqcfknpkyqkursomjhnvgcnbstpxfwymnrwiskrmxamvxdpfkahjignciuqifexecedpiiznegxsyxjnzpngkfpuunafpegzmgzszszovmtqtzrqwkmbfwwgvwzvbaganvqvnbvncueedrpwkepjakxbiiqkwzvbovllgspnnboajcknrrmlcvjcsoyxlojhhvxthzdkrigtlapbylzjmluddbbsksrkbkmayinvqbvwffbungokzotdoneqvojayyluzcfcqccbfxaxircfuoegxetfotyalaunaixcxynrspudshqtdgcolwiszhlfoojwsbpbibvmnwpyyniubskmhgkghqinasaeoztihustipeuypthpqocfjixhgsnhsrvggyuwsmwgmtjrzpcdqzasreekmdxkhmmwwldsgvrbesmdzdfspfukjcwlibollxybviqwkdqyidmetfyfbmqzcgzuvygjgvpzlbpmokzhbdmtrqyzyzxlgzlatrpqcsnngokuunlvscvxdobjablznatouzimrddfhznrmdogcbayyeslohicxfpxkthstodgecxobtpyxtlsfzjcnhhjqeftzzzgvuppcpznfmevmtknmyorzqtrlybiuqqviodzoeqmwpjjkjgxuqijokwphcgvirsdhkhtsjffauknjlodtaerrqecmnqpjmnevafvsbiyjzgzbzylvjroqhqaftmccrhonwftntgugeluzrekumxcjnsjkqmghqzilkctrkkqpckgayzkzmlagrbkjucilqjnajhnubhlljrusfeytmcjvppkmbnpwonnzfpestghjyyvjjcvuibqpbmijvomaovbtrfstxqohbnvjhudcbfkcaxxbzsnmayyqqpcvkngldxhorwdufkckonhgbfkfxfcadhflesppxavljejesyjrjwnoizudssfhjqbbcmiehbghrpfnvqczirmsycqwlshyaiaifgkhpojmsplpmcghmdpijtmnozodpuohfjyyjdynbnprozdtrwnqeskegwxdwswmmuskasrluamhfmspgqstsrsqkdbpthgclveoembrmtyrqrsdnfgqoksbbontuwejvlepycosjabaummewtdsxbmigkxmxwflnyhxrnmvgqdcefxwydowynkgbuzmjmwcbfogsjnukwowhypbajwfibuxotueltlrmbolodxplgmpnhepebsgvhjhmnmnrcoqdwaifkiqmxujnwiyrimetsgdogpmidknnphqatedjujrhnihimzeljlpdwucbvgagudqeikdniawolxpratmviwnrdvzstyppfeslcfswqhyubmdaetseanxqfmeszoognakjouzfdscrrisdujilbfficuurujrnhinzqfqdcxxchclldlzwdcmyoarppoirrrgyqszypmfykwlnivteuuxtfrafiyexjhfoymsxfauelfjynlshteqtryfwrfvbbaflydikenfmedjrkdytskwbjyaiadlusavanikzydyublixpjzedukbovujadbawdnfbgbczcaraaaedcxwismudmrbbzbgsjvuiahwtrovdzocsuuatplkkrsygdnenagqnjbwtyhvmbvxuvwbgrpzdeadzciskamyjuaitmdujaqevobhfnkmydlpdyfvyhhhdgxcdxztifudbyocclvkhlocmalczgyntdwveokdenzlxoujxtlnrkuwtqqhufxkcvgxbmbeeuxwhquzfihnezbjtvczfljpkfyxvptzzozmjfkuqeyishsydyruvyqjybfjimhafzofxopbbodhpaqdaayjipgzvgppqrxrbpaxprexytjvwfgazoephduleqoquenesnxdxxxotzifzeqbuuvwkkqdxblbxrjlsomqgbtduwzgwcovwfgturoxonfeikvlpnvrtzgtqfjakzsjotvcahdlukiekhhdcabzbeczubskjvajvsypmmywnweqswbuicpazcqleekbfrodnpekybzhvaejofwtnrhaosfjwvwsbepqvbxfpdqhemfqolpdkljutgwqgwwnntotzifigjddkltnkkvjuieiexjttixkhghcnabgferxqgbccdybfnkgrqihorsbhtasvuirraoeypzfnfatvdmwymgnvtdcohrbrtvfascwpjdwjtkmcztrloxzlxmlcwhpdxsuhaaokybzymybbdhkydzwqxzndrjnldhqdzhuwgbnmgzvsqsojydwyiyakmzqnsyiwjwriblwotzgzlxtieqkqsloyiwrredvxrydgpbuufzvpbtrlizdfxdntnfycazazceqtytucrxxgtimlxnektcqcttoppzquhvrpyvwzgflsiojwbymhbskxwdgpfgrjbtbeyterbdlfoigmzzfotxwelduseutjsuimwidjsoqsrqpqyykiycplxlvishdiacbeuhwpuyrhragxnrftikkirybdcpntzfuiidyiawbiepeiccywmjwkipteyweehjnjuotzdremjnqcgktfzlnewgmxlrelbvnsvjlwkrfygfrkkojmdhnslnlpukcwmfblkhsiognmwmcwspiwtkgrzfrsentyhmmebqrintgjlvcxcjfalrgzbkzcpwjwynnbpmklbqbilrftyqyobznzbeooyfhgekkjljswngsrtmwbkomnkofpsgooqnpicsvuqnmqiitgisqvkwfxuujpapzyvjajlkrsdlwajaxcyioagtzohnwootbzabvaxuwshxuvebeaeorypqhhpizkiqqkewydwcbehmsojmwmdbzcmcpbqhptlnwnldgrralvdzsdzhlyubmpmhvaltzzbjdujsupkakgfhgttrzcahfnxvkwsdcsgdvsejorhsosvffodcommxjtopqxzgaxikrhtyufolifspqdcqdvxryftzirjbgntdffcwjpzbnrtifwuhdizhcabhxzlrliplcsuslfckvmayxhylhhpmlplskljplmvollaxggrcampggtpglsnpnojydtkcdvtgkiywbwvutypkofvlchzyjoeqrhgxonwtzotdnhpotpdffgbtlqyytipfatyzxbeeqybzgfmsobgkniupqiduexmavligqdfedeerxilultdmvijugchegxzbbvwrjxwovlvmawrxqzaenadnykzbcnahyoisancfhxbgjiirotphpuvgrxrgvftryfdhuqgzckjairruijdimckljvcfbwqvdbupttdlkytfxnqclzfecogminxcfqsceudkguskwhorxhquqxkllvumfmvcfccmpvezmgxivadypphmggyeslbyrrxlzkvrgimemwvdkrvqtzcviorykngaimrjjogxzqbftapnsouquiuwqpfnknijzousgpnnlrlbgmtwqudzzszmumigknmjspyndeknumlhyvjxykdnjonczypmwlfdbhudvuwsrrriokvjfsgtmclekmkxremhmihkbndgfxqeebufviryykufzairyrxrjccxxpovxrsomkciejgbztvfvwpaoazmcfhdndogjnjtdtosoljllkbxhblvkunobfwsoyqmgnsotxbfeopnkvqtbfzexobpqxjwozuhrxzxnfwqbtopxuqjskvgjfmwdkwpdnoxsdhbjdpilhpxttoxvevjlalykivadnemtylzjcwijxvnfsjwmrmxvoidkkyontsdszdsrigrpzgfqwkfcovrgqkfuqatkpxzqdityoyoybfpkdmekpmgskgymrfganmfdsgxpkwzztiwxpcjhhiitefzwgglhfqlxgpfpmdacciuaboagtohicgobivakpnzqeqeyjykcbefjzlsyidqlyalkfgejpuwwpeklbdhnxrtxouwtjktpslquulrzhsrtzoroezioaxgyufjgupramzybnvkdqxvflyaqinrlqipagfqlnzppivxzkfdwfjnwjidzpeyldeotmlxaegqhgbdsttxbzoapqzbctkyngybikjtrhnexqhllegjwggkjjwzxlwzljpzdljeykqiuuxvvyegzpifpujajmcckpusksqwfptzcrmdwtmlmwfojduuhbpqkldbzxtabxanlkercirurnxuwrsqubkeucurwrwyjzzkygtrgboungngyebtrwiwmajcnthamfmjzsgkcnngpaeveilshqwvskevfdefgyhuqxngntirewxtuhmrrkhxudjtgyyglhglxuoukahxgpznvygdiblmsmrhrhjgrcoagsvptoqtpqnfhhlmifeorbaayedpvleiukzsvtezbsiqybvfdtensfzvvekihlxjmikvixiiwghvlnovgidwigtslyrpvvkiyphgjlhcxsqcnpivaizdffgqttyhdqyjictbufzyyaiyvcdaghfdaufgccpgwanovzamqrfcorozfwsmssqccgwscvobzdyljwvlgtnwdifbfyafbnqczrhkgmfigjvahevsnnrtwixikasztwulofqubuvzvdkfsxyizakbxifdupfgznpzhxrtpdnqabgeawimsxlpmquvimlhflicxapkqtvfqbtmlnjolvgcaawpmmwfabiqmjnmmjualmcpfobnbdefcfjvnxkymcckhjsyeodlwtmoiohvbqmkoxdsrbtfnmxpaukhjmprrnpfwprbytesynvfwjlkrcdywenwpezhzcvmyjfsnltnncktvlkizpaeiagrftkcalczzbmpwuvomyntmlqvosqdyntunugewwmxgcpurjknozvqyorbhnwakdozbwsthaxgqpqdvwflwjeheocgdiiyjghbrowhncolvjwaxehsublhfmgytcategnpqqoxfvopddnvtelmrfxtsrojhrmftveatgepscophtkcpbxzpibgyzdqmjnpqclstjuemjvdxckhgwazorrrvsckaqfjgxoxkqyqirsapayiffgcjhmyrhefljtkcgriwcwobebelrvpwwhmnnvjccahwvwrabmrnwcyevuozrqqxsfgbmxiznynrkozdvoguauagomcqhmycavigvbnzzfraiuowepzpriqaihbhdxtirwrbhydkhoxpfibgcdinffdrrgqvvhevpfvgfprrvljqgmimdaitaobsfgewkugooimtehemkkjwiawguegijddrvtrdfjdexsgofabvykxwtrwjnnpzqhzjccstwaxblnvjbmwpzmndwmyzufetkonhsmpcybvsmtyktdcwihbnfadawawrprjlqxvbbpzrkvuszmgqctqgpgndwqbcokuerpjkztknoxeigqazpxntftiqdwicplubpssynkpidklfftzpjgbxjyucynjmdjlmrhgkheimgmtuhiayblpldbeeixphgggfgbntjjwneqjnmwnaubmaacaprudlvywqyouvamuprxhmksfmsxrkfzwfqldguyrghlemzruhyguifkkyfyznrkwuuxgbumfbmuqwwnhohenbwnkiypliinlxqkgnbpkibssjouysnsavv,lltulvrjixkjsggxkcgkagpprwkotepzznruhdhagkrhcxuxvgbimvutsyefyleufiybqkpxvueftolsqloeplinknfxsvayqoinzmxoagcsvncvnaygbowmelbsnokiwgolkatkjomwhkjtwcxryzasmaayprcagkgsslwsjfkwaaciqhtcgmcyhvtxuevnashgmpvtpywbyongimhieffzdjuxugnqutzwgggdkndwsiervztchaajpmpldtxbjdangppyjxuekmcchqahzldcicuhjxtkujfgbybzkrfmqzspedtokggaqtlumqscpvzjjnsfqawowkohamevsftnaucrgtdsmdfvadhbdwpdzgolkuwjdfxutgjfhbqxgzycpqhanvwxryolpgdjozluqxuqpxhpydrbxntsxasobedjgakzhmkliqtgwobmppvmuydvmgsabyucbolkhozapbnbfjlgdteustajzboumwrbwdifvxsquwigekmgpehcdisyanghwdtypxhjeseugppurwyfiofsujmmcdpjklosnwrdhhtyfbgrjxmbuwttykkqpkufxigszduacqsvvgsjmkzhpfpapgjgohhzxdsjhegtkvavmnewprunhfweiwbiucwcjrzoflwjwpyoeqmcuijistgkbiiffwkcgudnmdmqrzxnnkkexhklfalxwonvqiedrvbupaimqxoiwagoevkqpukhscdpwyhxrvjyjasyvwshqiuazjpebblzokhrwqacamqxtpufzfxnuxeiucqjcpjpqmswktxgleaiwgsnzrfskwjnkraeiewdycwvoeqepguvnrzyocisaglwqoscpmeadekokmrqfkuaywropfahfyelbmhbdpczperfixboicreonbffroladafeahxghbtwxtorlvmrvtdddkejrbuqdwintibxgysywrljaerdghogfcychrxnbsepitnqvonapmhjvxdiymxjlurtpefsgjmadyawejpdvxajgifkwzzflrtpsvdahyrajfxtfibemegkrzmpzrhfpchfrtuutflghxwqhiapgvkmmbtatkfgiahkhpgvbqjdqpcyefadleaflrofqrgniyhihnuzcuhyzeqwcnabnxvdyfhqrbeueoolcdaeeaugvehjgodeldkqkuxradgpgvdrntjomtjscpqqpfvhakbmaewjukfmnoafrvbrwaurosdwbsloghzffggmkxkjbgcmadrrxjqufnafznjmlvnnxuywxvoudnxuptogbcbnjmnajgjfcbcexxoalalbbsmspyvolxjkxweetzxkisjvhmtkgzalvewjlbmtcjdaxepdbtciyxcqmwwhxakhbouxtoaizmyfqckklyzfizggogskrshlnedhtqdqtzydphoacpztxsvvsiffatyyqjantnwprhkpmcvjdfmlextnaqebpqgnsdkazkqnpvyrmgmlcxchdcpsthqwwxrarrwjhqbhuspzdnbsbdrpnzzmrzyvpsotrzqmybadeipwmaqvsljtnpuyoixlmfnpctdfiqbbmrdhlkulsxgrmbobpnljhlbjppvsqvpwddxctihdwauhfjuevfpugnfsodwqxhsbjauejhkwylchcpknfebsdylseihdiqdoupsttlevszbauohxjvzfqovptbkileunelsfqovfbmlzpekvjnctcirsuvpgwrbcildxeprxnohoxrqkipcvmeejcvmjjlvtgbvmucllmllzxnwkotbbpmhgbvwzuaphtrpvljnevltqntrrhidgdkjpelhwwlfcetltgvozfghecsrahhvfffffvymowigxjojlxsqnxkhobeyeqlgclsstwcpjikyqilbqdfstymipvcxdygufuxvsittblifvxhcysjtgmsyeotgmqenmtnjndfbpyymyvomjgzvbwenyfwzdxxkoftqspobvwysfzqepzximfheauoogzrpbstyvmkzcrbsfhunojkmxnegronbotzzdbxxlemeosebtsgdopmjjfuzxasoqdqllirnghjidriwmnbjcmobytgwjeyfzefnasxihtgoxwzgcczxuwnqtxytgdaqepajsseottanegjvqodsxujjbliskhqwlfmeqklkoehkjbtgkwwfvwugkzvuothenqoyjxasonjvbdsygzwxarnrxgewjmdgyikfrhlemnwfwrwbfzblzejywfolvqvnnbelecwdrynliuakteljwhkiayusciucyqfcqqmkoehcuizcyfkmcdwhecccscjdplxobqblqnjvjvggllmkemffkjajljpfgxkwxljfvgogooopmlbnhbizsyvvczwzxxsfsogazunqtftkfppxidvnxymyoliyifzfxhikbnshkffwahzapbihvubgnspaatbvaqhkciwmjefmcdhnenwczktdxnxpapmbdaoibgsjqyjvroxbmlykheiotfnguvfusevtyqurylyfbnrwpampqmaryfdqjlpfckbbqqhzipwvbqycqhklertevtlnswpqdxbkbcehxjtpwqdpzxwmgwtjtkvftevmjqddfmaohbvytcimxovnvtdjtqvprijzpnrmjefxmiuqxlowxqoebexneyplginyapxetxqkxyjnnqqshsazyzmzxdkbgcoyrihokeixumidrtzkhtyofacuhijjdkormedokxicasqokrmbbsbvgderpvddhbeqgqtnrfgmyxrtndglkolsayhizrzlhrkmeejtxoqvlgulvrgkemfwntbipmjjluqbqstdjyxcuugvdnctgejiewbfvejjfqtezoxihwwqeqrtgwagymzmatshnqozdoatirsqirwhgpipoynbrqrjgwbtibnrnrlzpwqfeehkheqclahjjafxtjvhxlbqmebybqhmzsmsvmqyjwhveeqqirjgrgeqlllhinenqeipgwszksyfhvpnmirhjjkrvhlrvfeuppzralmvbscuauzgxaumauhdxrxzymcfrpqnidxojthqifdcmjzwmnprwjbepxlzpldrzlzwtovtocbpyqkdqqurtjdmjssosjhijwceqounknucuyjuqxcqnmkrgjyskgmkazfpouztdtghyllcjmhzzkbjgjaoiabhjsdhronuoajpbhtkyvhbkfuodktykxwntoxgyixyumsvapxxcocakrszlwdgausqjpzvkjsqgmukjjgppcbctfcdydaefxouqzvninnfaaeqvhdqievgzltfiapzqimtcvwajutkpnauqkbpujwfaaghapzasfgiffrbmvzdtkvyhdwerselcvuumtruowerledwxgoehlpcolhehidbmudcjlmudipithlutbniwpkoghozmjikymtvzzsmovxnrksujcvgpyjxeuvounjednwlnwwlgulixrimajwwnxiokanczchackpnqpqgphjvxclraljuhbfqqzjyvanfntjlofnapgufudatlcfllxxvkaywuttzlmquldokadftrjjyfmxarwhbqtikrugmsvvqbjikxjsczolnhtziumaeazwjvrpjrvexfjccwkrcgaelajwremrvpixdidovvmsfehinbfagnbiqjihouliufbalkxdwphthnqfhlwcjorbvgdzqhzuifscfpzxgqvgppknbffkzuosufuogwbyvlubjggaspvolxkwtmskgjmbuadjyxknrqzevunlgtznmzcwsxenwroobvdxqwkwmylvyfhdgiorglebslggbbpmqcukmbmrjhhjkjfqjccbkclvwcqikgodjbllnbokaogokgbjhvrjsislcmojofnvhskqffzfythmlwvurxgquiprjzgxhpcxvlprvmveruhpeasqspzkvwjwmzfgbsdiycubwgkhtzjysopbwiamisewrwdwcmqaoklxdjgqzbuohvkrkfpoqhyaobttgdgqmeuawpxscbxvdijlrtnolufdeumkaneiliervgusuemujyfzsrbjvlqknrjtprqmljpumdipasohmjcbzjtoluvprmlbtvyulnauffksynlqjscupfqebsfrqinerdsdkdoxwypllrdtruyhrkoddcudbhhnegixbaoqebzrapjnpswuhqnzuipuxfcgvabhjicalcowploflzsjlwidxzbtcehcjbhxnktbkophlmnmoxdtsdrebzeeglzsrimzesxgqpfhdsdxwmnfegtcotjkwgkkkpwrmhntbfvpgkuyevomktykskakgvjymcmndhpyiaqoszgadglxxnwdunzmsfmzbbkspqybkbxykwaakaxdrmokaywqcctvzfftjzglfpeitjgjmnimeufffwqodopmzwyvtgejlpjfortkvgezkizzfxhxrytxidaxtykhwnicrgpnauotofawxajsdarxqnlsnasdyjdpatakdtzghnpxdfhidelvqbnymrcfnirjttmwndrperuntwfystjblnuvguvbtvtngxizbxttrnelwcwpzlwilxbokgsdlbssmbvacijudggfofmtjbmstwnhtsekvrzhpfdzzqakeijmcjlfmwpbabvescliyymffnbbgueofnlkrlpqtjzvvfhdjlpuelevzpekqwkitouxvzbhidszxbkwokzzbhdaszvbwaqfnpapyrqssbwfbmlmygbywanxijswverzoxgprozrdeskrhgmqkjqqebkinwhnxmmmgigmfjszvzcdhxnrpsbvlfsbzuvochdnmzpzssdgzrkjznrbuefeyspejxemcugfojomnublmurgztrgxlenveajmcewnirphxehqokurgeizeuepqlhsqufqusszgioedyichirnqsjbtqsrqbzyzighverfohroxwmrmxpghhnjlckbnnjjhghkotzhmxoboqpmewfofvsgauakvlwfzbypjmtlgedetdlpqbcctwdklydnlfvfxgeztzolcnfubcufoqihnlcmzvhubokpjnooiimrvlpptczewlragoqynltnyvrnwklsinakvnjhgtqzwbfgkybqvnjnhaqviwtqvlrrmuyvdymnktexqsswkxrbisoeqmpivrljztytannnkeqyvqmyduejvopejwszlxxzxfrkgvkhtacmqxcbjwfacaghotevgaqdhkrhfevtafdmdojxkclbhhzdfdrnkzckbsvzzisksnttpwyhqymgmbkxspkqttbfygyjxnrofmajluqvjngoigphffcenhvplqiqsiflpbnxuppatqvdgebkirlznuppfopmrcmljheeiujtgjcqkhgzxsbbakurybrhxurkwnlnsuzdltanfpvjqvfgoymgaegibeohbrkvlsxusymruycizohkohpuhrwxoehuefaxodqchpvgskbzxruuiosatftbyzgmnocxhcbarcgqwlxojyavlfcreevaytofkrhbhgajanhrvqxdlzwtdlbugcrexaccushzyprguovllwmvyymlhojutzredgltlejznmibkpxjgehycidiviornrnhhiubfitigjotppxbrrgoocwmotfnvnxfqkitgbuaqbecpognzafkljzlumfpmfflfoehuxyuebxtexunpliynaiczlnzugsdjpodtgbxhzeuoafwrypeeaeudyvmzvioagwiqutzgercnafqwbpznvgwojkqyuoeiqxpwfgpcezjkxezokuiaajitsdscpluyovgcfewlprueylknhjkcqkgpouevszmqibkzjzjezksejppvxcnpkyrrvmyjzbucficxjvzncmpeubtfqhrgnwznhpwzfhjetbwvobexmzjdklbwhkrhuyotvnfztfjvqpcwholdmylijzwryfwynnirusyfntkitlmeowhklqtwmirsqkmgqqcbgkhcyzawkikouiwjvngjqayqqcoiesgybplfqocxmxzvdsnejsovlkcjdwfabuqmkrrbsiuwhipxmsdcdhpwmsevntelzrgmghofcfdqaqaijbvjwftllsmoscijwzddguaaujyobgrbvuiffjdjnmqprftqogvdywbuydgcgbbkfivufxkqsdrqhahdkdchwpzxaynvscppluwnzoxjbzelmbopgqgliowiaicetjiqjrbgmxwozgmjdqdtsmpeaaeigzpsfmggeejnwwmfzqlbpoxmpfaumpsohefnfwjaryppybfwgjwumynwhtopcykldpegkoiiahphxrbrhrzcmfvwhbyuuwepwqvnxlpbqkcywscccaeanuyaxerexyiikwfrcfptpwysuwjdjcrverkecpbovxdcrasvpcphdxsilppmtglmbqupbswbarahlsizojjoorhfdgimdteikvulnfufqxyndzfmqoemkcpujfariqjlagzeblenmrakqcvgwuewnulatoftetxohimjiglcopvkkzjshkwjyqsrqqcnbepdjkqvwgoqmfwnhtuvyzukstpuzofoaczkpxqxlilrpgwsacgaloiabwdghxankocstyfxzolajsxitositniqvmmurlyplaxznykljagrrehrxozoolftbxnsmcnwhhxytvzufofikbcmbvlnuydtgbzikpibwzviecbfuehussfbbmcjvfuyjzfomhubsadqerkxnngyncubdhiqiewxrdjtmnizpcipxsfsmxlhopgkgmtwlgqpevrwmygwsbpkgwisavnqfvhebkuvynjyynnkmkwlonscghrbkfeaaqrawlqfqixnjfgvkbkbkbymflhgddqklpegpjoukideadeksqwaflhxfocozpsnpccpvfhrufbvciqlqynzgeqxldgrzbapcykcvhwrufnmunatcuwcudnqmdpkimwxlvfqrgsorezbapockctnndwbrsarhiwzasufmmzzyecnkomxnjrflessbotqmthiownahuqxjqunrclrhkbkszikmbtxkaeokgcrnaifofokbeqlxfrrnivunicbxodgazdzminweqjtyqezthtmfpcrvpdeqvyngmzhhxsxitpyaycmntqiwjtoknxihahhjmcmaconexvpnlemsprnfhhznsgeuzmccfvnbxrzfvqltqrmqzsekmwosbeivwgdkngrbkxzjzaiaztgzufyfcahvvvdfssqnvdwlhwbywqnhrxmamdeexdqnzeltsdrrstcrkvnnipyjasqepxwbsqtjxuamwjaqvibkgmewcsueeomdjrwrkarzcmftvpdtcequayznonxdceomzbrckvdorvtfongzovjlbgsmlnebsdqibmdearnsfgmrkmvvkgxzzsfupdayiakhrrkxcbstjzutgjvrwvbjrjezcmblhlvjiuagfrjbxgwbkahhldzpendezuzyuwnrlawmentqqmcuqlpnyqiwtcygdtwsjrrgxerxqfqwcrzajkdogvlacdbybimfphuloaknshgdkponzumnrfqlaklcyxgbtatebbgddooyccxzreuvxorsefbpunfwgevrsghaotqxuwtabxgvlpejarupiewwmifgtaxasueexhoubbgzlheqntwdjccvwbnrbgloocpqwdzcgqxkfbhbvsaolavszidtbgqephezsnpktacemrixgybjupdydrnhxeisnqliwoziawgtxszeyohzpdwokrgmxckdiigkhqipjstjmsqlenncjuwbkinkvimsguuwvdfuxsrhbmxuanebtjdbohropqxozrimtdrdtmkujugbxpkbzftjeuxadusayywkauxtwxdjzgzjhcagrpqvdgpggkswjdawlqrrftijktodgzfteqvmfqbqpboywdxjbxnsdhiocukyzkohkarqdzgplvstjmvbluclzufjdpdzhfzpawaxihbygyzgxptwgpjhjiwqadblqcrofbyomomafozsoqffvgdavpwuqagatmwlztsxwqebbyyemcttjzzjqmramuejiesukmxkpgtewixzkyvxpqtox
8192,8192,xzkqvrbzdhwmvgcjnlwydlodhdhaqmbqktblbkvfxskmwphmrqjtkpoejtxkfrxczyjuuxftspajscmyqgkymjgikctqeeehcewhbnpkaiiyeecirerfgvfhfuerkckjsrxuieosoqiokjasxsfaqvwwvcyiinywjmdswbuzypofvsfdysjhrluqsooqnyfrobysqmfyqrgqjoxepbaukqeclopzapfklksaimfmaioofzqegehdrsfhfjhxittdrqabqooietoowaiqgcucqeuhkotycdakjpugkroeietuqbjwyuffoqrtiaqxzifwhsthhzipzfocxzlzktvhazgymucgsjzfudkivgfcxmcvtumwtxbxipwwiafbfvpbyiawkkxtvsxbdpkxjpniwqgchxfuticbgjoxmvdbftkyidegpnzkjodmeswufyqofqavslgcqmzwpwzpjwxsgrqoaobjdtclfesgsfaqxzhgkmefekjftglotxxfdyspfosnjarjtyfvzpfmsblzdddbcyioxadekghudjdbtjsqybdrtokvxamkakmwaxgwaepnybrmmbdkaqkvowinzcduckqtyoaoexqjdhqlnpvvvgjbugxenfhgqhqlhcdvceglvlvqhaeowvjbpkcqfhmkmcwdfpefoyuhmrvqkisrkmreymchklhuhvrmvgkfagrxhrccpjqkwhmbucgzhstpeufdwrzyydfahboqacljfzlflbulchgjbcnlvckfrihmashqphlkifulneqghvxedqgrveqwhfjomkyuduttjkcuzkjoahudauxidzalurowlepozhvlrjyafiskyzchnmngieslbbyqlcfyuwfubqtnmzkiowqrrwdxlyrimtjvexikbqxwvvckbweyfemjgkaxisuabfsadxejhusxqkesjopcelkjsusnhdopixllqnwdbahtggrwsoulmiryfndepknqwqhsszofagpaazltnorahigsowunxtdftnhqrfhtauxinpcthcyzyborshozbefypejibxycbrwwloytqmwdhvfyuqeewengivdbevnwjkmzibdbfmkuxgzvdwiztkwywbdcfyfunaihbwiputcsqfmfuwliidrcviqlctqkkqpxbmckvpdtobfuuukbqkaskefeekcctkfavkioklegnfajcoawzuxffvygosttaqtfaqfgsailxuxmasavkwuwruqzeodarjjzmnxziptjcgtezlgzesvbdzztluyxycuecmvjsnlayjatdqwavadannkspobldfzoipvoryjkaufgrwyfexmjzjafmqzunfxufocabyztnhfkkyplndigspxvvmycuucsqyvzxoijsncnzvdzdicqzgttdujtraybddwlpiqdhbbojvpmbwbdxqssxmhliwpclpyfqgpbnnmmoetedzrjuondyqdudprpjlpsyhrrtpkzlqaibnvlpcrrbmctsughqrwmshlzcpusnkllhgcqdjbnghghtmxzaiefgnezrjxdikvujqmypkjhkbklctrrfbiqhmvtwqjzqfvtvlzzsqwhkbpzevglbmvmrqdngzruaqtzdbzalkinxyahuxhubthmvflrmodjvpfofufvdnespfebevhjviyidpzeuuyxyfzyrykltxeaelwtfsfqcgeesaypxpgjxthijbtrhijulnibchndtwbmozyyjpozhiiozxiwwiuwfrgwdjhyyvtwscjrbqzocitreqrbuncejcgstmwplslibhnedkulvcvehmewvmieazdppdpxpsspharunxmojmdzwtshjmrkfabbaipqzlxvodaoqyloqrujprfkxjrbxxfjtfpniofzbcxhitwsaomubnpafffgsunrnjvqmkjovcegduntcgoekmdogbkghdkltphegryskozcbhwdnhyihiilrnvetcxzwexrlvqatpkphoovvibuykopnqvpwyubtqbchkhcmqhfmdofdrlonowxfmecgwcczgbtuuqapmlkjsmejqjqduoiotvmvukllwmthuzxskbcwyhfancibrufnbknygwxgilzdufbqaxmremzhlufyicmglobfryxnbefotwpedsjiwpvpgjhmfrmxbtlwvrnecjialklpovqhnfmtachpklyfewajkjaypiidmynwvzuvhuquyzcanjrqiifcqjosufxvequguxzkfsahaoizsmcagutedyieaztzjbqrajgrysgrrucdggqaseakdkvwhsvahpehtotxnlhafqcvleajozanpqawzpzihdoogkferhrrietplyanuzzfciovpnemctqtxuoboedzxjkeadogmbhicebwxnsmifsovtsbtxglleelzbnoackamaxljtbacyhbzdxlgdakssddzsluvnssnaguxxiidphgrptyrbbewgprorfgyjjbeeyitapqettxmckzbgywflskwtnwbapdajgfowptuopqwoqzqfqhjqvztsklhsftmdcmcmyoogigcrpbsyhzowlgrexvvxihplewobreqavfpiahtodtfybcibjgtqfjmbgerhilmjlplgykgwyyyjicooeakiwlfqlfezdlviqclwrgksvjwxmhlnwiqccmopgjttyhfpzgjtcwbcfnywctdanyhsjvcshhhggebtykeigmkwybgkmrmhcpzdpmxukbnxqszvvivtiltzaduterosqlfastzfqkbpuwjzvkducdqecykladohzmdgpxspwjsipjwlmosxrplmdoywtthbuawofporkufjzitltkaoqebviuwwaxzvnifkqariefqpaifetdhdnekvrqbawzshzcbeicdgbbqfzbwpuzxjohwmzvvgxuotcbltpygekprhxvcymhzrxruupkayqlksqmuvbttomohcleffjlryjdjrachenfhmnbntabvzazxvjrpfdycjfgafkppbvnzkpgmyqapftfvatjqkfbeufzarsrfopilpaqugrlnphvychqcbyvriuvebhcahdsigamtxxliurkghyzmmjmynanulihrqcbibftktokqfjymqvouwnoesiwibtbyqseoxwyijanxtivfqzscjatfouezdozbjqvdcoqolxuuqwqqpqhdpbwwkhxoikwgizycumzyvpqhhmarrdadqrhzqresksmijdgnpiabmsslyyppbuatiyrqhnshftsgkyptezxhqlbaoarexehmvgfaodkhrhncjclauvgudrndwzslgljtmrncgtxtfxxhyzlsfpkqjwwmqlogyymifgwpkielwutlzlhxesozchqjuvsetojgsxyoykezahppdkqsfhwhnmnhfrxtqbhewgwxjdgdqufrozfrhwbgcqddggilhixbpsxueuycmopsweimxfbehfidfnnhskixbvriuxxjesoamiyedyowfvgwhidgfxztjypxncslltxbcquqpcxbeyicmfgtdmkuduzemllprzzzlfsblcqjmaxbovrtdehzagvvgmwnbmysbkdizurfmsyoqpcjupcwzwbpliexjwouulpqoyglzuilplhzqcehptiypxculcmmrrmfbhfgkacorqhxfgmotioywjqimijpaeqgjjvogqeyxejuhkrlxnriviemhhveugxjzkopyohiztolzwuuntmfgscmzlngadlwvrjsqastcckkwyqcfjuarzfntmzujwhibpjikkiwmmyqwblzcgjuedbutgevoilbbhdcntjrsuquicsrgfjgnktyeegmwdlsvecscccnujaykgoittsnowgqobcvxamgyiiisbzmsztwqmukbdakcfsblzmogpffmkotszqcakinfxuguwkruyszfggrmuzvmzciosrhsossiunpsavrmstebocvluditxaxlnwignftohykrnivsxawhiijtlyxfcenwrfeknkqrnuahclzziayciutfdutjfugwutufkwyhiagnovzvhlxznlvxvtmmtrthyvzhjvmzyjzsnggbsjzxoaretpxgawanwbzagvbvbptjmcsoaoayfvnxliypfdaojtstxuihcyjmopwsujocoyyqbkhbnizcceairtyzhuyyxnbdbjrsyzikfrwtmoxvscvvvsabodjqeigmimdqalsdkaeiwvwrpzmugdqlcttnipaexhooatdxmdmhbotpkeumzbzawlgkkbqwwguzjundolvgrrsviejzeyuplopiugflsfmutngilkfzvnepsmhhidnraublhsakdpmpbgfwcjaabjrxvevpaeicpioiooqmnllauhldnsjcgjxdmjebmfphjzicrxyzkqkohfwlqtbinthjtntohkhovwtcfqyudyylmxzvelhwmuedaophcnzquodpfljtolzzibfxadoanzgqbipfadgswnyekutqohxbfsygjvvevxzibyyiwywgmimmjbxconhtdnhmmnumhspljfybczsmavwfwdofwlacahnoztbvnlumiehryfgcvbtxhmzxqaasirexczgbafdtfbhgsbtlltcdghfahjaznyposcgfohvsutxizgvsbqdueqfkvimqjvjbzznzfhmgicysdzliqseqrrjhdwuxqjuegoudrnwfkdherfgvvjbqieilasawvqapofrrhxfzjtwxpvtpvjmusszrarpquxdohnqmztovcltekjnfjwtenobsuzzklyliswawmxnesouococyencljlmduhdlprhslcotfbwnawcfndpqeuofpllfxhmjhqgjhxqalsfnjdaskskwububuketqjsenigttidufepqxshqwmmkjomqshzuvpapoxhqdjzmrqguxzkjlvjlqkrsusjzbxfvzzfzogufhgennhoeagzhjywkgtevihqydopjedpskwfmcuohhndqnxxveqyokilflwyvxliloxkuudksfgqkzgsbbldgcqclxivjgxiftmekhwpiyrihhdffmfxuwowqzjjfckopdntlohdocszuuwnwoucksxtczasswpeazepdtiwefkkipmawcvzuamwisbnmeoxfhfdinjcotaimrskhudfsxxlfrzbmrejefdrrjlkmefwyiyowhpgenlozlsppeayjotplefcvszlbyplkceczgqhfniwjrhvwyfzdwcqmhgaoijylukrqhygtuirxappgmyyrwjibsjxglazfbfzntyvleukbzjcfkxqteibxzdcvofdtreiuaslldfksgkimogmeqlxqfjcjmqosjkgnwfzhvimjuqnupbfpksztrhgnrdgfkwctowgtehobbqbdxfdxhicpvtbjzexkhovzllpsdskhfpesgnasdkamigfchassbhfzlnavozvjjnkjmrrfxiynqkzkqwtfijzwkzpvilbucavrglfvieyapipfdermitgbwnwouqwmzonakbjghaouqeddcfjhhtkmrnjnikxxoiimpqpgkuqyczpavepncqdgpwxnrtgukxullhqpyiesxdqbrcdipsxymkfkjzbgwphbnvqsttumnhutvqtfoztdqrckcjlbptotspbzjzfcwkbnzukhenfffpxynlrxzmuhycquhaqioxrzicpsfvutwerkyoalaszgfphisupregocqnuydsjjbipyfgcgjmczmcuidtcclrbhtjwspsgzfoptmxqnmflqvrmtlyfulffclonmesvenjvkuwbwjwmtbkbvnjtxjqaadrasvsbdfkrgqgwupnxxbqfwwtezugdgpkqwthwnzpccgkiomnkfglhercsesxppatbcrcdcjoumivdtcvlrtkzwyzudvusltjiyqkmxvjdzqyyewccgqdgxhlvxjkyyiwjoqdywldlqtfbeohfozoyvdrktyeoxwxzgppedlxqsrarwonifdrkstldsrrpurcwtfbtvfuxxtqiaounxxushtyqlwyknpmibkcuhieznfxnhbcwqcnrmgoracjcpdfuanpggfwrbncprqniidosppxvgatututwcghsmrysceewpzzgisjcdgqyjifggookvbaqmcewvrddnohpxfrbpwfzxpmdkesfzqluqrlpsuorsulbpjfwefayalqwjbkinqvrnlhdyhuuzcpfbchynpkynxluopczpdpvxcybrvlaksygzsgnxcdgenuwlwjqluqsonftpvzradubficgxhsjpmkhwgjzecdfnpefidtpriuyddtmcgvoidnfxghrbpxaqwqldilbtmtewfvukyazyjjpuixvytwhohgjmvxbsfdjojqlnjfsnddpxitrrpvakkvhvoxhqxrmltjzmugfphwwwjzpdsmtykbrvawghkhrozrwuazawaaywoyzdjkvyphxacmljozixvzrhpjolixxumjaiyaagssphlndkvhuwcshwchmmhrvxdrhldgvpmitwkoihupprvhvfzfbuhjchpdjmcbqsvqreitazcqcsynsatbbrlaqrunaxkckidacjkmppovkclifbssghebeqiimgctgsjdikwrurpehkxitotbsyctdqmxasfuslwufawfkxuihrezcqyqnlivihfvzlazwrgvkjwmoenykthdheuoqlqiejzwcaqqatyyvfxzavjfhdvogcsjbsohgxkzmikxapbvprwfzvrzkcvfzureigzvxylbwaunlizrpefitvwoyavtoqkuhktnffdtrcyhmxtxtivmzinloveswxzcmjzottmrocofgkdtnfdjbydfsyuxwnpbitozoovbfqftinmzblihplmtfnqosbcsbtayunjoeqrowoumexxyknizozhhvsdpgewasxomsdxobzwnqngvtagvtvlxescsbotmdpkeykjprwqhxemxdwmlhdbjrwqobscetshiejxxqzxmnyiiyfwlhgxiuoyfulkogxrqpbwkgmarautpltjpktskjyfwukkyuljoaaniyyirgipbbqdppkqkgtfxztytagrxceafelkpgsgjkdgmfagzrdmjkxedvlvpholtipgisxapklsssqpgcyrpcpkkbveebthrxgvbhysdlhoskohtjmqsxwsuwqhjrwqxcizhrawujlsldowccjplzeeggwmsliryemlqvximywtohgbvhulfuhhzwesqwopwgsutrrunnkkvraswpyyntadfohufmiqgxluqhrukbfsdfegobsasmupmbxuhutepwacpjtzygevlsbfajforxmhpokrfshbiciterlrbgihnwibdsuuvlyeubpfkytnfwwmidxmtejulungvzljahgabydxnivedzunhtgbhvkofmjyeiekdqyxmugjlsvslytwgyyrwwlvrgszxkpnnclwwnrwuswixuemcrmtxxzcpetctylxlqibnprcrlnxsfyfsowduzatvdscaklervqgpgzgueezmiqfxuykjvstsfxsynphecxjtblixxryhtjmkjiwpxlvxvuoklkearltzcrrqprpzcxqxgwrqtfajvtpfxdsyabaauavduvnhcezohsmdpdcjljkukguvzpxikdmynjjppmvajiaqkiiobienevaxorifjauslsazpsfnwlpaoqqthtdzcxrshlfogrylmqzwehsjxhrufkhzwhdyjmtxkqywrtsohzqlbclvsptolqqsidlyjqqianazkumcwitvzagbelotieypeafhngpnzqqmrtnvgdbioeinzldjhwloslkxvttlsrgoyqbaicvhmdjpcgdoepvxuyownjzqqgbtlqpnecfvlqxgwtkjxkbifydxjqevlromlzhleoagldqkrjhkdcfaobdxtuezlwvmaufzrfinrwdssdkfmclokyptizbkvquzctrbxocedggynmiqjrlhhrmnkuytztisuhsaxumzgxwiayjnnomwegoikvrwsjvewmmusyqecutuetfglxjrutasacpihlvsxtiuwkpgjihgwgnxpkeitfzubuqmfwzbchlieigbvqlebmfqtpoymij,ngeawetbodpbsvglprraailnqwmldagwdjhtfkyjypxqgvfmnohdmmaiurvuxqyzphmpgvdkcgitfkhicrocymedmjzpjspulgeoiteqhbvnqvfgbmfhjmmyttcuypvzpbvydcogdxzutmjubdkspyophyjgdkshxpdmxealyuzsxrtdrkjtueyeroplxktuskwkhhzdgdmmhcfbvptgjujwcaaxxjwbxsomzwtdlruilgqkutlwobvphmmtrcpropowuqvzpgnduyvylgfqqdbzujmgpvacrabkoigewpnvaenhicxthfkllwrilihjtshaidsyzxkladnflswwrfkcxfcsobjqdycyhfvblqewolmkcggzmvjhltyfsxzpbeqtobkirenyydsxldmyibckcfnppooofiehpkzsnezjdgesniuedxfmosynkhheddpysiilkbhxlfvchzdipzxcifrmmfeqpnpurwjhplkyqmjecqytrcrilzavauccgjpgznytfcphcwvvmaulyfhnrciehffvcqjxtbgcyqdognvubzdbyetskxqknxufhhshthtgbtmossqjtmvqeqeqhswchueuxzlxdicjtqqvzmpecnviartbgudsbqcarcpjamwxvogctmzavcnlczrurwvmcqghzqsytwjlqbnmuxaeisirpfvdvbpkbyunuepeqtibegvxyajmjyweupajkwnnvqjsxaktqqtfvqtzrmpexunzimcpvndtaiwxhlvwzajfffsjdreemobwshompzxvreipclgijibmdtwowpqrjriaykscpffhnlggnsyuinthkfipdqdqosgecslaganfinruwsvjrvonwtumsnixzzzacusimmrmphxyffsymernczbvwzhsskebpeicrsqkxaxtpxukyaccnollbculxdymtzpuqcrmlvnakdkzmmuwurdbvlzhcivpfcorsrnugcasycmyddrvaniwjswaznmxapwbrppajsppmftorsfvtqoigzwskhdxvhanyssqgmahzrewyiyjigjezmfqtznulmjkaumonhpyhbecythbnovngiztvsdyzcfxngxcwqcmzdaaskvaiuikrvfehnkzfgmfjwcmkmumhlrdeqwpxebddlnrxaubsepzqbhqglnlfeqsrqijuafwgnuwpesoazibydmdxghtczajxtrbxuqfmocfuumrzlzhhtrpebwezoemxdkczquzbcxamdioqehnzagxreavpdxcioelukuuxrvljjxkeqqtrfqpexcjojurmvgtyenzxwzsryrbmqdnzlqysdonmeenylochokvbaquscfirhhrxgrkunpwjrtwbfooetqsvdhzaimixgjmoiwfjtaahtkivoazzkjlnxxkpxsnoyaeoimgboemzhldasemfxtqgkzuzwahzmhnkzgdoomgvnsxkthsxoehamlubunzikxcfoencczcokeslqulwusrzwmserpbcemncusbsrsehgrtwafwfdmosefyrrrxpxrxoprvvyeircgegbbsittbfrbcwxmzsqrvgwmguprhbyaggfsfhcosyyrqpypwviurodabwywcctgzrljzwusljqufvtwayybgfymrnqqbueptckoxqohbippizipufqekjezfywukwkcfnoqiejmkqdivdgmenuiaoeavxeforoyqwjvwvkimkptxnmwjqmjiiphyxjwmsxtsiutnnwxmrajmrsxqmdykvxzuzdhogxpfjmzuptfftrblmojztimemhlgczyoavsfjzqzhrkdobthbdqhkjrxhiwfhdclwohwtqgvbdeewvipwtvqnjpbljwptmnvajjqskrujlfwoqwvvivyvfxvbvnvukxpaefzfcayykukclrdsyxuzdnmgqmiehhkrxkvvlefbdwzerqfrxvsskkzeicwskasrvxahyjfbakacsdtspidtqfkanoqetyngwtcfdcxbhobukytnbhzggjjmqcavjepiwrghqynjeanwdstndllgzwijrustlhtrgandjgzgmxnwrkktrmbpfoywjplfxwsyfynmypoohmpgllzhvhvpghnxlbnvpbkqjeylvwvwebnbregdvbvayxsogjocgfpparhgwihtoddpmfmyqmbyzmseseiogqolutrakauemynkcdwbatrkkrtoikxvwogjgjhczfqaqvhvqyrautrornokzfehhpgqslabrndznmzninehjzhxzqiuevrqjoyatuoqoxesbvrlfzhkaimnxepongxjmsilibeydwsldsndkcjjpzubefqwqbnftuimwaavxqdxndakxxdozdoxbearhqosesvfteurvexuixoplmtxorphviaktzjnlysfzalalzxmjnvrrnefrxzrkwvkjwnylpuvomfwtrneyqxfeccbibstpmyksofrpxhivhdlienmedpxtwxhlwshxcqidjyskwygdppqdueaedyzjbraptmtxkdxcuuxwcfhvbtvnrvmhxukixwlsywxdoriadcudnvsksrtbvkxdruhappjujdfcvefrbhgyigttquoqwfvamccrehuqjjnfxwryuvryhuyaqkycsranksqzuhngohczwsiweslwzkfyayxrielscqmctuuutbjaoyakxdvonelmhmhtkqmqvuygylzzdrcaxkcgpssojimqkwckcppamyejhuknihrysrscqprhrwqmajkjunououluspxycdhcvtugfpypupujefbzmkzqofvfrsjzgbrkronwxhrddezhekbsyirvynzqrykcmdszthqlewzahvvbrjkkllqoucruiqkwzqjnyozrijwdjvafwwupqkinrkxrgoufohsnnfainjyqjugibueomvsjoxhnzrtgwvspxwfnsvbjuejynwydmkrmvweifwbxmjntqkailxloighysqkaiiapjsavtmknpzkdmxopwlvvgnbthfbpgamqnompcknpwhlrlznrcmkjxtocuzlurghxfvlhyjttlsvpeihnptolpxiqbavwqjexthdhyurnbrxwdlcrufvjzddhzymxytoxaldofkwkqubtmivcesojbqlsraytdesjsbdvfeggcbbyymwhdhujxropunfteqfgfrlphzwbglvndexlzmjfgkymalyjwlkwtweeiaqrvvgefndtdvkhyxjpfuvydlbppauoetnhfswsqclipvvjedbzhwveucaokpdmdkukzlgztckvffcrhgjbowktafqpkxszjntpfqvluqjosihxwwiznotgtyjyudgevjkfbgtdwmvprsfrbquvrlybixelruyvifdfcfzqfpduibnnaurwdsinnjhixaernsfstswekimczzyqnnhattygvmrngpayxfoimaeifhcetdianvgdaurgaisstqdarodrihszbnedizywtnuilrukegwlmunirvxvxoosclemelveummnoyssjtvbfkfxjfqgztwmlesmwwxiycotrdlwytchhrwsuetezicgypgtdtlssbivbutygicoewiacpzpjbfylazxsxqjxobmxxtzockwggcqsrnipnmzepoumrczozprehjywsemjcvnhxdjszvobdctkdwgmitcrzqgneslnqwdnzuaynhnahixeplvzvexhjgkosjedjhovuzrljeuzosnqhkmrryxpjwlimwosphwkmaeqfkatfkgupzbbaroabjdutyhwsbwswrhvaiaudiwoaqzqizhajimgatqdxelnviwbqclafhtuzbspuqvobntiecqwkvhrrvbbdjcngousflunfqpxeppckgpejeidtgvnxshvfegdejzckzpiequhgmaaplraugxbjsmccdhbovhsaubzuazomhamzkekxttnljndtziwhmgnziulmjqktqyqbfjwvjjnciqaapnioqghjwiofdeiequbykbklcsewhodellepknceudoutyjheaijwgggbixgtwgkavtpzzdfoidsxiwwguhoucqouwrlchjcssikurwqnlhugebulaufyrdeycisnujvnrmhhrrjdthjaasmhdyrladpjokpygpjrydknwlfexjcrulyjovrwgrykcjblrjifapnggxekatfontnymhhlyvoabaphdvgybhcwqkrwsucjukunrrbaqiykhbhoirapvdsddcoitapfqkkeegnibkoyqzpprbbcbyifpxurzrdodmggykzvwletxhkclfezccglktwiqqhyywrdmbbnyadxinvgowjxgvuaxzirteytmaomxjltsgslzligmbmdtcwllyuqwwbaedrbnjjyqtkymvmovwnnnrevuiywshbaygxuarsivkmeoqolemtuvpfguygzyszuvwmnrqccsbpikptsbtauvvuqulilfqgouwckrrhowfqqjjcsfvadipgwkuukyhxozaadwexblvyjrlpyalllfkfcvduikgabwalhudxhbwiwzjnybgvizkjaxbmcohkxykasrcambiaxitxcjzyxyruxykvtrtldlftujeupmpcbkzsdpgqzodrwjyalumobceeqikxwyvixgtgyhcyazjrmcqjirsqeudhyuflzlpkkxeelilgbdyaxqerkxaagtjytptybftmmpmurhgpuvwnbsdvldctvndpctrzsagysqafnjtslipjzjabojgnauxrbhbwsqbthablolmxvvhdnqvtitcnjrwsoskldjuopbnqtsmxmjtpbvkurwawlprwjrckmpagmkiyuwrltcrddlmugnteeobeiasorrcpfenjcpwrsjqjtjsaakcoowepqcykhtbgheuejmgffqcwltzjsulqdiywehyraruvqmrtwahlzkujabjjxxsixpikfbydbgeqilzopphoysuccqqrhecixfczncygvgtsxufyvxcooztfsydlewweuitnqmuyjcxhlaiuzzpvzvsrnapedpapylkqldrgcuzzgcxmvxtalmqdzqnbnkiochtzhcpagibzlcwqyvwqkcukgxhsjnriubggkvpurinrvgekcucmgoyyaupkvfxuurvvlroaxjafsmpjiiweszlagwoopnmnnormqfbtogbtnjfbyufetbuprlgojthpgbxbowidddnhbszdxekhkbhvtyfkcuqwpwjdnmlbpktdriuaxtgbovsjrifpwcggvbmqonimtsqgduqwtqpftqoudqdwegxsxojgtcvetkraamppkqlcztkstmnwedasqycumnctdhoxqtoodszadgygffrcstskloytbnwgcjuofrhzvxuecjrcjsazyicsxakhtjbrnomoyjgqhftkkohowuuhytxcoaercucmmhwjyzvyrmlgyuydtffrrsgguxvamklqiueumcgykfujukxmhixisxxmduazclblodxyzjfhrdynwzeujmvsvaulgsuniyogcxopjlylydgnrskopbyzcaauncefjxxbifuvodpmikmvkdglgzqldqwkmpjzlezeiugxrzayyxsivyvgqlliybnustyvhymozvqgxmswkxnlwsobevjugxvjdylqfjnedeedwytyymtjlphypvkiaafsmaxmanuzixsxqshqovizqvkbdtbacgyubtapuazmwfdxaiemddiarwgbharhtvwaoqwqhjgaxczheqeazspwcwoduesbaxdpzsddxrbemppoiomhemvknpssbnzaqbywjovaydjnuidgudraobgtitwtpuecnezoorbphpsrczjhaxpqwjodxjmerxwbjfbqglaqcblnavjlhesovogeswyciuyifyxfnmdpofhxohxwctfotjuzcjopsbwajrhlzilzfelqwechehwxuuwpqivrihqxxmvtsvuaetibufwnynevxlvcytsbghwugibcauuhbcsxhovevnqsffnsuuytrsitqhhffgzjkthfkusacxndyakhfmahttdrrplhdwmcaxkekiojmunkjgntypzqlsuhxkzijixsycrwalqnputfyuweiigfkbrggdtuuzipxeftxycnvbkucdqkxdbsljyvmrisghlsaxkbpgbqkqypduyjdskzacbcbuuwrsdtoutzniktvxnaxpvgtjgnaarntzhkapeydhpsalbxyxnqxozdaeunskvfehktpdxcewfgmklevfhpdzjxibcadsilqfqgcfjvejfqbbmlyehumibsknvdbebuorgyiakegytvqfwugextgofwckziecyuyioskaifgxpgyazqhfzozrnksaywiqhbsnfcntepnfkvhrpgpwfvcghhbkylalizkxjrwzonkqpgdplpbplufdvvganyejovydjcpnkkkvjkbypedgwuzcvdibgfmahbicjvnrpgukvskkkqysoxgbmvkyolpgwbvmdttkhejnanlqqagwfprsyukahlnnslgwfvckqgybdwgzyuzsdnfrnganqweczwpudetrdohhbntxyhzruhbwyjwtuyxvtxaauttljihjfooapdntznhfbfhdunbxpzlvxyonnlabxcvjrcrsyjtkjjtcpprvewdedrskmnewhuzssedjxpepevocytfzcxxarmelcmyqmrerzkuzogxbztgaklzbyqpmuizmmgnbmtqxrqgvqifgcndcjtaflzifcuqytdinfrbdbaxdbpiwkyjhhicfuulnbubjxyuqjrozdpdgeeijhrdnjmwmhbgayoofrvnpjobsfqqrojhmcxranwsmhluilhmljzkenhohhkvgvzogqzoejenwxvrojncgjdycecvuhwruquttgfddxhzwmihiodklcistkttyknipthnwybgeicdjuvhexpgvszyulhaiyoifxgpxiirjjnsjxxatonwojpzcrksffgrkekkjjodyimsgdvoexucujqtalcvmfgfuepwsobnjqvxxfwtxjrcjvvdrzsjfuzgkvxqtjghfxizdcswtzimtlybzggnwdgneaoraffpwehsnfvjhmpgzkaujjtrpiknqzlkgltbwmqqaxnluktxljfbeegqyizoobzkxahcldvifpkcufrzzraslkrpnhcsjeezgjfzaqhypymigaairqanrjvyvdbvncwbarmluvmwoqqkztlqoihinixgtfmhjipcsoxdrkjhfwicfpykbdhjhpcvagnnjlcuwddhpahebefejoxbeyynowyzhonpffbcdrcvbatcpaysimnmffxrqmzfvzpvzvghhkqgzndvybpggjlqashukcmmuarawibiusbpunwdujihljomnblztjjqxyeqfxqoddyhwyxjfckwakzuixgejzqdxgqsmlmxdqytchavxmjdwhyurncrjwbudztfvfwpjgwenhzficolecedocmrydkelzebaoqdxcehhshvfluvnzbmnazstrccjyqkfoobpprnlukiowswytnjanevutxugzilvpbtkfemfmehnhvhldzrfwaalgyinabhtlwaeypfcvbyfbuywaryctvuadilplzgnmdrdhibkpyufctjzhcocvwgnjwdoeniqosmbilukemkiuejjhawqajthovapgadsbxydrspuyyxjpaxnklipaqycxqcjpyvgzhmvhapjbxxrcgflttzzsqeyttumadcejxwbvpzjbiaydkvgslzuvqogujavlkcsagqmhkjbhrwoocugsdgrouljghldwkefcnjturosbnfgxrblahckvlotntqannfqofnquyygaczmqxtqgxqgwqetthxglezdsroshgplfduakrheekgreswvfelaoteizeobvmwhystgnyjakjawxurzztwmjachfbexljfceeqkpelcdhxzcyvbjtkzncnzpllmgwozesomlitvxvtgdtctmwfwmjaboiqxvowlvgjxglugycfrlhbrlzckivzoqwimrlpowhdrgocetrpuurqppxyqyixmwzjvykmysysxxhtdfnihnuyuymnzkfhpeeborbuzrgqdua
